rxnID,CSM5MCXD,CSM5MCY2,CSM67U9J,CSM67UAW,CSM67UB9
12DGR180t,1,1,1,1,1
12DGR180ti,1,1,1,1,1
12PPDSDH,1,1,1,1,1
12PPDt,1,1,1,1,1
13PPDHr,1,1,1,1,1
23DHMPO,1,1,1,1,1
23PDE2,1,1,1,1,1
23PDE4,1,1,1,1,1
23PDE7,1,1,1,1,1
23PDE9,1,1,1,1,1
26DAPLLAT,1,1,1,1,1
26DAPLLATi,1,1,1,1,1
26DAPt2r,1,1,1,1,1
2AHBUTI,1,1,1,1,1
2DH3DGLCA,1,1,1,1,1
2DMMQ8abc,1,1,1,1,1
2HMCOXT,1,1,1,1,1
2INSD,1,1,1,1,1
2MBCOATA,1,1,1,1,1
2MEBCOADH,1,1,1,1,1
2OBUTt2r,1,1,1,1,1
2OMMBOX,1,1,1,1,1
2OMPHH,1,1,1,1,1
2S6HCC,1,1,1,1,1
36DAHXI,0,1,0,1,0
3BTCOAI,1,1,1,1,1
3CARLPDH,1,1,1,1,1
3DGUR,1,1,1,1,1
3HAD100,1,1,1,1,1
3HAD10M12,1,1,1,1,1
3HAD11M12,1,1,1,1,1
3HAD120,1,1,1,1,1
3HAD121,1,1,1,1,1
3HAD12M14,1,1,1,1,1
3HAD13M14,1,1,1,1,1
3HAD140,1,1,1,1,1
3HAD141,1,1,1,1,1
3HAD14M16,1,1,1,1,1
3HAD15M16,1,1,1,1,1
3HAD160,1,1,1,1,1
3HAD161,1,1,1,1,1
3HAD180,1,1,1,1,1
3HAD181,1,1,1,1,1
3HAD40,1,1,1,1,1
3HAD4M6,1,1,1,1,1
3HAD5M6,1,1,1,1,1
3HAD60,1,1,1,1,1
3HAD6M8,1,1,1,1,1
3HAD7M8,1,1,1,1,1
3HAD80,1,1,1,1,1
3HAD8M10,1,1,1,1,1
3HAD9M10,1,1,1,1,1
3HBCD,1,1,1,1,1
3HBCOAE,1,1,1,1,1
3HBCOAOX,1,1,1,1,1
3HPCOAHL,1,1,1,1,1
3MEBCOADH,1,1,1,1,1
3MOBS,1,1,1,1,1
3MOPt2r,1,1,1,1,1
3OADPCOAT,1,1,1,1,1
3OAR100,1,1,1,1,1
3OAR10M11,1,1,1,1,1
3OAR10M12,1,1,1,1,1
3OAR11M12,1,1,1,1,1
3OAR120,1,1,1,1,1
3OAR12M13,1,1,1,1,1
3OAR12M14,1,1,1,1,1
3OAR13M14,1,1,1,1,1
3OAR140,1,1,1,1,1
3OAR14M15,1,1,1,1,1
3OAR14M16,1,1,1,1,1
3OAR15M16,1,1,1,1,1
3OAR160,1,1,1,1,1
3OAR180,1,1,1,1,1
3OAR40,1,1,1,1,1
3OAR4M5,1,1,1,1,1
3OAR4M6,1,1,1,1,1
3OAR5M6,1,1,1,1,1
3OAR60,1,1,1,1,1
3OAR6M7,1,1,1,1,1
3OAR6M8,1,1,1,1,1
3OAR7M8,1,1,1,1,1
3OAR80,1,1,1,1,1
3OAR8M10,1,1,1,1,1
3OAR8M9,1,1,1,1,1
3OAR9M10,1,1,1,1,1
3OAS100,1,1,1,1,1
3OAS10M11,1,1,1,1,1
3OAS10M12,1,1,1,1,1
3OAS11M12,1,1,1,1,1
3OAS120,1,1,1,1,1
3OAS121,1,1,1,1,1
3OAS12M13,1,1,1,1,1
3OAS12M14,1,1,1,1,1
3OAS13M14,1,1,1,1,1
3OAS140,1,1,1,1,1
3OAS141,1,1,1,1,1
3OAS160,1,1,1,1,1
3OAS161,1,1,1,1,1
3OAS180,1,1,1,1,1
3OAS181,1,1,1,1,1
3OAS2M3,1,1,1,1,1
3OAS3M4,1,1,1,1,1
3OAS4M3O6,1,1,1,1,1
3OAS4M5,1,1,1,1,1
3OAS4M6,1,1,1,1,1
3OAS5M6,1,1,1,1,1
3OAS60,1,1,1,1,1
3OAS6M7,1,1,1,1,1
3OAS6M8,1,1,1,1,1
3OAS7M8,1,1,1,1,1
3OAS80,1,1,1,1,1
3OAS8M10,1,1,1,1,1
3OAS8M9,1,1,1,1,1
3OAS9M10,1,1,1,1,1
4ABZt2,1,1,1,1,1
4HBHYOX,1,1,1,1,1
4HBNOX,1,1,1,1,1
4HBZOR,1,1,1,1,1
4HBZt2,1,1,1,1,1
4HPROI,1,1,1,1,1
4HPRO_LTt,1,1,1,1,1
4HTHRS,1,1,1,1,1
4NTPPH2,1,1,1,1,1
5AIZCDC,1,1,1,1,1
5AOPt2,1,1,1,1,1
5APTLPO,1,1,1,1,1
5CM2HMUDI,1,1,1,1,1
5DGCLURI,1,1,1,1,1
5DGLCNR,1,1,1,1,1
5DOAN,1,1,1,1,1
5GLUP5T1,1,1,1,1,1
5GLUP5T2,1,1,1,1,1
5MTHCYST,1,1,1,1,1
5MTHGLUS,1,1,1,1,1
6P3HXI,1,1,1,1,1
6PGALSZ2i,1,1,1,1,1
6PHBG,1,1,1,1,1
6PHBG2,1,1,1,1,1
A5PISO,1,1,1,1,1
AACGLYDH,1,1,1,1,1
AACOAT,1,1,1,1,1
AACPS1,1,1,1,1,1
AACPS2,1,1,1,1,1
AACPS4,1,1,1,1,1
AACPS6,1,1,1,1,1
AACPS7,1,1,1,1,1
AACPS8,1,1,1,1,1
AB6P3HXLL,1,1,1,1,1
AB6PGH,1,1,1,1,1
AB6PGH2,1,1,1,1,1
ABTA,1,0,1,0,0
ABTAr,1,1,1,1,1
ABTOXy,1,1,1,1,1
ABUTD,1,1,1,1,1
ABUTR,1,1,1,1,1
ABUTt2r,1,0,1,0,0
ACACCTr,1,1,1,1,1
ACACT1,1,1,1,1,1
ACACT1r,1,1,1,1,1
ACACT2r,1,1,1,1,1
ACACT3r,1,1,1,1,1
ACACT4r,1,1,1,1,1
ACACT5r,1,1,1,1,1
ACACT6r,1,1,1,1,1
ACACT7r,1,1,1,1,1
ACACt2,0,1,0,1,0
ACALD,1,1,1,1,1
ACALDt,1,1,1,1,1
ACBIPGT,1,1,1,1,1
ACCOAC,1,1,1,1,1
ACCOAC2,1,1,1,1,1
ACCOACL,1,1,1,1,1
ACCOAL,1,1,1,1,1
ACCOAL2,1,1,1,1,1
ACCOAT,1,1,1,1,1
ACEDIPIT,1,1,1,1,1
ACGALt2r,1,1,1,1,1
ACGAM2E,1,1,1,1,1
ACGAM6PSi,1,1,1,1,1
ACGAMK,1,1,1,1,1
ACGAMPM,1,1,1,1,1
ACGAMT,1,1,1,1,1
ACGAMt2,1,1,1,1,1
ACGApts,1,1,1,1,1
ACGK,1,1,1,1,1
ACGS,1,1,1,1,1
ACHBPL,1,1,1,1,1
ACHBS,1,1,1,1,1
ACITL,1,1,1,1,1
ACKr,1,1,1,1,1
ACLDC,1,1,1,1,1
ACLS_a,1,1,1,1,1
ACLS_b,1,1,1,1,1
ACM6PH,1,1,1,1,1
ACMAMUT,1,1,1,1,1
ACMANAtr,1,1,1,1,1
ACNAMS,1,1,1,1,1
ACNAMabc,1,1,1,1,1
ACNML,1,1,1,1,1
ACOAAGPAT140,1,1,1,1,1
ACOAAGPAT160,1,1,1,1,1
ACOAAGPAT180,1,1,1,1,1
ACOAAGPATAI15,1,1,1,1,1
ACOAAGPATAI17,1,1,1,1,1
ACOAAGPATI14,1,1,1,1,1
ACOAAGPATI15,1,1,1,1,1
ACOAAGPATI16,1,1,1,1,1
ACOAAGPATI17,1,1,1,1,1
ACOAD1,1,1,1,1,1
ACOAD1i,1,1,1,1,1
ACOAD2,0,1,0,1,0
ACOAD20,1,1,1,1,1
ACOAD3rev,0,1,0,1,0
ACOAD4rev,0,1,0,1,0
ACOAD5rev,0,1,0,1,0
ACOAD6rev,0,1,0,1,0
ACOAD7i,0,1,0,1,0
ACOADH2,1,1,1,1,1
ACOATA,1,1,1,1,1
ACOCT,1,1,1,1,1
ACODAr,1,1,1,1,1
ACONMT,1,1,1,1,1
ACONTa,1,1,1,1,1
ACONTb,1,1,1,1,1
ACOTA,1,1,1,1,1
ACPS1,1,1,1,1,1
ACPS2,1,1,1,1,1
ACPpds,1,1,1,1,1
ACS,1,1,1,1,1
ACTNDH,1,1,1,1,1
ACTPO,1,1,1,1,1
ACYP,1,1,1,1,1
ACYP_2,1,1,1,1,1
ACt2r,1,1,1,1,1
ACtr,1,1,1,1,1
ADA,1,1,1,1,1
ADAD,1,1,1,1,1
ADCL,1,1,1,1,1
ADCOBASr,1,1,1,1,1
ADCPS1,1,1,1,1,1
ADCPS2,1,1,1,1,1
ADCS,1,1,1,1,1
ADCYRS,1,1,1,1,1
ADCi,1,1,1,1,1
ADD,1,1,1,1,1
ADEt,1,1,1,1,1
ADEt2,1,1,1,1,1
ADEt2r,1,1,1,1,1
ADK1,1,1,1,1,1
ADK10,1,1,1,1,1
ADK11,1,1,1,1,1
ADK2,1,1,1,1,1
ADK3,1,1,1,1,1
ADK5,1,1,1,1,1
ADK7,1,1,1,1,1
ADK8,1,1,1,1,1
ADK9,1,1,1,1,1
ADKd,1,1,1,1,1
ADMDC,1,1,1,1,1
ADNCNT3tc,1,1,1,1,1
ADNCYC,1,1,1,1,1
ADNK1,1,1,1,1,1
ADNK3,1,1,1,1,1
ADNK4,1,1,1,1,1
ADNUC,1,1,1,1,1
ADNt,1,1,1,1,1
ADNt2,1,1,1,1,1
ADOCBIK,1,1,1,1,1
ADOCBIK2,1,1,1,1,1
ADOCBLS,1,1,1,1,1
ADOCBLabc,1,1,1,1,1
ADP1P,1,1,1,1,1
ADPRDP,1,1,1,1,1
ADPRIBte,1,1,1,1,1
ADPT,1,1,1,1,1
ADPTr,1,1,1,1,1
ADSK,1,1,1,1,1
ADSL1r,1,1,1,1,1
ADSL2r,1,1,1,1,1
ADSS,1,1,1,1,1
AEPPT,1,1,1,1,1
AGDC,1,1,1,1,1
AGDC2,1,1,1,1,1
AGDC_r,1,1,1,1,1
AGM3PA,1,1,1,1,1
AGM4PA,1,1,1,1,1
AGM4PH,1,1,1,1,1
AGMD,1,1,1,1,1
AGMHE,1,1,1,1,1
AGMT,1,1,1,1,1
AGPAT120,1,1,1,1,1
AGPAT140,1,1,1,1,1
AGPAT141,1,1,1,1,1
AGPAT160,1,1,1,1,1
AGPAT161,1,1,1,1,1
AGPAT180,1,1,1,1,1
AGPAT181,1,1,1,1,1
AGPGT,1,1,1,1,1
AGPR,1,1,1,1,1
AGTi,1,1,1,1,1
AHC,1,1,1,1,1
AHCYSMETMT,1,1,1,1,1
AHCYSNS,1,1,1,1,1
AHCYSNS_r,1,1,1,1,1
AHCYSts,1,1,1,1,1
AHEXASE3,1,1,1,1,1
AHMMPS,1,1,1,1,1
AHSERL2,1,1,1,1,1
AHSERL3,1,1,1,1,1
AICAMPRT,1,1,1,1,1
AICART,1,1,1,1,1
AICART2,1,1,1,1,1
AIHDUDPMG,1,1,1,1,1
AIHDUPDG,1,1,1,1,1
AIHPDCOATA,1,1,1,1,1
AIPDCOATA,1,1,1,1,1
AIPDUDPG,1,1,1,1,1
AIPDUDPMG,1,1,1,1,1
AIRC4,1,1,1,1,1
AKGS,1,1,1,1,1
AKP1,1,1,1,1,1
ALAALA,1,1,1,1,1
ALAALAabc,1,1,1,1,1
ALAASP1c,1,1,1,1,1
ALAASPabc,1,1,1,1,1
ALACI,1,1,1,1,1
ALAD_R,1,1,1,1,1
ALAGLN1c,1,1,1,1,1
ALAGLNabc,1,1,1,1,1
ALAGLU1c,1,1,1,1,1
ALAGLUabc,1,1,1,1,1
ALAGLY1c,1,1,1,1,1
ALAGLYabc,1,1,1,1,1
ALAHIS1c,1,1,1,1,1
ALAHISabc,1,1,1,1,1
ALALEU1c,1,1,1,1,1
ALALEUabc,1,1,1,1,1
ALAPGPL,1,1,1,1,1
ALAR,1,1,1,1,1
ALAS,1,1,1,1,1
ALATA_D,1,1,1,1,1
ALATA_D3,1,1,1,1,1
ALATA_L,1,1,1,1,1
ALATHR1c,1,1,1,1,1
ALATHRabc,1,1,1,1,1
ALAt2,1,1,1,1,1
ALAt2r,1,1,1,1,1
ALAt4r,1,1,1,1,1
ALCD19,1,1,1,1,1
ALCD20y,1,1,1,1,1
ALCD22_D,1,1,1,1,1
ALCD2x,1,1,1,1,1
ALCD4,1,1,1,1,1
ALCDPPAL,1,1,1,1,1
ALDD2x,1,1,1,1,1
ALDD2y,1,1,1,1,1
ALKP,1,1,1,1,1
ALLTN,1,1,1,1,1
ALLTNRS,1,1,1,1,1
ALLTNt2r,1,1,1,1,1
ALPHNH,1,1,1,1,1
ALR2,1,1,1,1,1
ALTRH,1,1,1,1,1
AM3PA,1,1,1,1,1
AM4PA,1,1,1,1,1
AMALT1,1,1,1,1,1
AMALT2,1,1,1,1,1
AMALT3,1,1,1,1,1
AMALT4,1,1,1,1,1
AMAMTi,1,1,1,1,1
AMANAPEr,1,1,1,1,1
AMANK,1,1,1,1,1
AMAOTr,1,1,1,1,1
AMETDNAMT,1,1,1,1,1
AMETRNAMT,1,1,1,1,1
AMETt,1,1,1,1,1
AMETt2,1,1,1,1,1
AMID,1,1,1,1,1
AMID2,1,1,1,1,1
AMID4,1,1,1,1,1
AMID5,1,1,1,1,1
AMMQLT8,1,1,1,1,1
AMMQT7rev,1,1,1,1,1
AMMQT8r,1,1,1,1,1
AMPDA,1,1,1,1,1
AMPMS2,1,1,1,1,1
AMPN,1,1,1,1,1
AMPSO3OX,1,1,1,1,1
AMPSO3OX2,1,1,1,1,1
AMPSO3OXi,1,1,1,1,1
AMPTASECG,1,1,1,1,1
AMPTASEGC,1,1,1,1,1
AMPt2,1,1,1,1,1
AMY1e,1,1,1,1,1
ANHMK,1,1,1,1,1
ANPRT,1,1,1,1,1
ANS,1,1,1,1,1
ANS2,1,1,1,1,1
AOXHEXCYCL,1,1,1,1,1
AOXSr,1,1,1,1,1
AP4AH,1,1,1,1,1
AP4AH1,1,1,1,1,1
AP5AH,1,1,1,1,1
APAT,1,1,1,1,1
APATr,1,1,1,1,1
APRAUR,1,1,1,1,1
ARABASE3e,1,1,1,1,1
ARABI,1,1,1,1,1
ARAI,1,1,1,1,1
ARBTpts,1,1,1,1,1
ARB_Dabc,1,1,1,1,1
ARBabc,1,1,1,1,1
ARGDA,1,1,1,1,1
ARGDC,1,1,1,1,1
ARGDr,1,1,1,1,1
ARGN,1,1,1,1,1
ARGSL,1,1,1,1,1
ARGSS,1,1,1,1,1
ARGabc,1,1,1,1,1
ARGt2,1,1,1,1,1
ARSENBabc,1,1,1,1,1
ARSENBt2,1,1,1,1,1
ASAD,1,1,1,1,1
ASCBPL,1,1,1,1,1
ASNS1,1,1,1,1,1
ASNS2,1,1,1,1,1
ASNt2r,1,1,1,1,1
ASO3t,1,1,1,1,1
ASO4t,1,1,1,1,1
ASP1DC,1,1,1,1,1
ASP4DC,1,1,1,1,1
ASPCT,1,1,1,1,1
ASPK,1,1,1,1,1
ASPKi,1,1,1,1,1
ASPO1,1,1,1,1,1
ASPO2,1,1,1,1,1
ASPO5,1,1,1,1,1
ASPO6,1,1,1,1,1
ASPT,1,1,1,1,1
ASPTA,1,1,1,1,1
ASPt2_3,1,1,1,1,1
ASPt2r,1,1,1,1,1
ASR,1,1,1,1,1
ATPHs,1,1,1,1,1
ATPPRT,1,1,1,1,1
ATPS4,1,1,1,1,1
BACCLi,1,1,1,1,1
BAIA2,1,1,1,1,1
BAICDH2,1,1,1,1,1
BAICDH5,1,1,1,1,1
BAIEI2,1,1,1,1,1
BAIF2,1,1,1,1,1
BAIX2,1,1,1,1,1
BAIY2,1,1,1,1,1
BAIZ2,1,1,1,1,1
BAMPPALDOX,1,1,1,1,1
BCOAACT,1,1,1,1,1
BGLA,1,1,1,1,1
BGLA1,1,1,1,1,1
BHBtp,1,1,1,1,1
BHMT,1,1,1,1,1
BIACt1,1,1,1,1,1
BIACt2,1,1,1,1,1
BPNT,1,1,1,1,1
BTALDH,1,1,1,1,1
BTCOAACCOAT,1,1,1,1,1
BTCOADH,1,1,1,1,1
BTDD_RR,1,1,1,1,1
BTNCL,1,0,1,1,0
BTNCLi,1,1,1,1,1
BTNPL,1,1,1,1,1
BTNabc,1,1,1,1,1
BTNt2,1,1,1,1,1
BTS4,1,1,1,1,1
BUP2,1,1,1,1,1
BUTCTr,1,1,1,1,1
BUTKr,1,1,1,1,1
BUTSO3abc,1,1,1,1,1
BUTt2r,1,1,1,1,1
BZAMAH,1,1,1,1,1
BZAMt2r,1,1,1,1,1
BZte,1,1,1,1,1
C180SN,1,1,1,1,1
CA2abc,1,1,1,1,1
CADVt,1,1,1,1,1
CAt4i,1,1,1,1,1
CAt6,1,1,1,1,1
CBIAT,1,1,1,1,1
CBL1abc,1,1,1,1,1
CBL2D,1,1,1,1,1
CBL2abc,1,1,1,1,1
CBLAT,1,1,1,1,1
CBMK,1,1,1,1,1
CBMKr,1,1,1,1,1
CBPS,1,1,1,1,1
CBl1te,1,1,1,1,1
CCOuq,1,1,1,1,1
CD2abc1,1,1,1,1,1
CD2t6,1,1,1,1,1
CD2t6r,1,1,1,1,1
CDAPPA180,1,1,1,1,1
CDCA3aHSDHe,1,1,1,1,1
CDCA7aHSDHe,1,1,1,1,1
CDOSKT,1,1,1,1,1
CDPGHL,1,1,1,1,1
CDPGLYCGPT,1,1,1,1,1
CDPGLYCPGH,1,1,1,1,1
CDPMEK,1,1,1,1,1
CELBpts,1,1,1,1,1
CELLBabc,1,1,1,1,1
CEPA,1,1,1,1,1
CGLYabc,1,1,1,1,1
CGLYt,1,1,1,1,1
CGLYt3_2_,1,1,1,1,1
CHCOAL,1,1,1,1,1
CHLabc,1,1,1,1,1
CHLt2r,1,1,1,1,1
CHOLD,1,1,1,1,1
CHOLSH,1,1,1,1,1
CHOLabc,1,1,1,1,1
CHORM,1,1,1,1,1
CHORS,1,1,1,1,1
CHORt,1,1,1,1,1
CHRPL,1,1,1,1,1
CHSTEROLup,1,1,1,1,1
CHTBSabc,1,1,1,1,1
CITCAt,1,1,1,1,1
CITCAti,1,1,1,1,1
CITCAtipp,1,1,1,1,1
CITL,1,1,1,1,1
CITLr,1,1,1,1,1
CITt11,1,1,1,1,1
CITt13,1,1,1,1,1
CITt15,1,1,1,1,1
CITt15ipp,1,1,1,1,1
CITt2,1,1,1,1,1
CLFORtex2,1,1,1,1,1
CLOHtex2,1,1,1,1,1
CLPNH180,1,1,1,1,1
CLPNS140,1,1,1,1,1
CLPNS160,1,1,1,1,1
CLPNS180,1,1,1,1,1
CLPNSAI15,1,1,1,1,1
CLPNSAI17,1,1,1,1,1
CLPNSI14,1,1,1,1,1
CLPNSI15,1,1,1,1,1
CLPNSI16,1,1,1,1,1
CLPNSI17,1,1,1,1,1
CLt4r,1,1,1,1,1
CLtex,1,1,1,1,1
CMLDC,1,1,1,1,1
CMPDAi,0,1,0,1,0
CMPN,1,0,1,0,0
CMPSAS,1,1,1,1,1
CMPt2,0,1,0,1,0
CMPt2i,1,1,1,1,1
CO2t,1,1,1,1,1
COAti,1,1,1,1,1
COBALTt5,1,1,1,1,1
COBCOMOX,1,1,1,1,1
CODH_ACS,1,1,1,1,1
CPC2MT,1,1,1,1,1
CPC3MT,1,1,1,1,1
CPC4MT,1,1,1,1,1
CPC5MT1,1,1,1,1,1
CPC5MT2,1,1,1,1,1
CPC6MT,1,1,1,1,1
CPC6R,1,1,1,1,1
CPC8MM,1,1,1,1,1
CPPPGO,1,1,1,1,1
CPPPGO2,1,1,1,1,1
CRNabc,1,1,1,1,1
CRO4t3,1,1,1,1,1
CRTNIH,1,1,1,1,1
CS,1,1,1,1,1
CSND,1,1,1,1,1
CSNt2,1,1,1,1,1
CSNt6,1,1,1,1,1
CTBTabc,1,1,1,1,1
CTPS1,1,1,1,1,1
CTPS2,1,1,1,1,1
CYOBDOX,1,1,1,1,1
CYOBDR,1,1,1,1,1
CYRDAAT,1,1,1,1,1
CYRDAS,1,1,1,1,1
CYSDS,1,1,1,1,1
CYSS,1,1,1,1,1
CYSS3r,1,1,1,1,1
CYSTA,1,1,1,1,1
CYSTGL,1,1,1,1,1
CYSTL,1,1,1,1,1
CYSTS,1,1,1,1,1
CYSabc,1,1,1,1,1
CYSt2r,1,1,1,1,1
CYTBD,1,1,1,1,1
CYTBD2,1,1,1,1,1
CYTCR_BD,1,1,1,1,1
CYTCR_BO,1,1,1,1,1
CYTD,1,1,1,1,1
CYTDK1,1,1,1,1,1
CYTDK2,1,1,1,1,1
CYTDK3,1,1,1,1,1
CYTDK4,1,1,1,1,1
CYTDt,1,1,1,1,1
CYTDt2,1,1,1,1,1
CYTDt2r,1,1,1,1,1
CYTDt4,1,1,1,1,1
CYTDt5le,1,1,1,1,1
CYTK1,1,1,1,1,1
CYTK11,1,1,1,1,1
CYTK14,1,1,1,1,1
CYTK2,1,1,1,1,1
CYTK4,1,1,1,1,1
CYTK5,1,1,1,1,1
Coabc,1,1,1,1,1
Cuabc,1,1,1,1,1
Cut1,1,1,1,1,1
D5KGK,1,1,1,1,1
DADA,1,1,1,1,1
DADNK,1,1,1,1,1
DADNt2,1,1,1,1,1
DADNt2r,1,1,1,1,1
DAGK120,1,1,1,1,1
DAGK140,1,1,1,1,1
DAGK141,1,1,1,1,1
DAGK160,1,1,1,1,1
DAGK161,1,1,1,1,1
DAGK180,1,1,1,1,1
DAGK181,1,1,1,1,1
DALAt2r,1,1,1,1,1
DAPDA,1,1,1,1,1
DAPDAi,1,1,1,1,1
DAPDC,1,1,1,1,1
DAPDH,1,1,1,1,1
DAPE,1,1,1,1,1
DAPMDH,1,1,1,1,1
DAPabc,1,1,1,1,1
DASYN120,1,1,1,1,1
DASYN140,1,1,1,1,1
DASYN141,1,1,1,1,1
DASYN160,1,1,1,1,1
DASYN161,1,1,1,1,1
DASYN180,1,1,1,1,1
DASYN181,1,1,1,1,1
DASYNAI15,1,1,1,1,1
DASYNAI17,1,1,1,1,1
DASYNI14,1,1,1,1,1
DASYNI15,1,1,1,1,1
DASYNI16,1,1,1,1,1
DASYNI17,1,1,1,1,1
DATPti,1,1,1,1,1
DB4PS,1,1,1,1,1
DBTS,1,1,1,1,1
DCAT,1,1,1,1,1
DCMPDA,1,1,1,1,1
DCMPDAi,1,1,1,1,1
DCTPD,1,1,1,1,1
DCTPD2,1,1,1,1,1
DCYTD,1,1,1,1,1
DCYTt2r,1,1,1,1,1
DDCAt,1,1,1,1,1
DDGALK,1,1,1,1,1
DDGLCNt2r,1,1,1,1,1
DDGLK,1,1,1,1,1
DDPA,1,1,1,1,1
DDPGA,1,1,1,1,1
DEXTRINASE,1,1,1,1,1
DEXTRINabc,1,1,1,1,1
DGC3D2,1,1,1,1,1
DGCHOLte,1,1,1,1,1
DGK1,1,1,1,1,1
DGLU6Pt2,0,1,0,1,0
DGSNt2,1,1,1,1,1
DGTPt,1,0,1,1,0
DHAD1,1,1,1,1,1
DHAD2,1,1,1,1,1
DHAK,1,1,1,1,1
DHAPT,1,1,1,1,1
DHDPRy,1,1,1,1,1
DHDPS,1,1,1,1,1
DHFOR2,1,1,1,1,1
DHFR,1,1,1,1,1
DHFS,1,1,1,1,1
DHNAOT,1,1,1,1,1
DHNAOT4,1,1,1,1,1
DHNAOT7,1,1,1,1,1
DHNAS,1,1,1,1,1
DHNPA,1,1,1,1,1
DHORD2,1,1,1,1,1
DHORD5,1,1,1,1,1
DHORD6,1,1,1,1,1
DHORDfum,1,1,1,1,1
DHORTS,1,1,1,1,1
DHPM1,1,1,1,1,1
DHPM2,1,1,1,1,1
DHPPDA,1,1,1,1,1
DHPS,1,1,1,1,1
DHQS,1,1,1,1,1
DHQTi,1,1,1,1,1
DHSKDH,1,1,1,1,1
DKDID,1,1,1,1,1
DKDID2,1,1,1,1,1
DMATT,1,1,1,1,1
DMGLYMT,1,1,1,1,1
DMLARGAH,1,1,1,1,1
DMPPS,1,1,1,1,1
DMPPS2r,1,1,1,1,1
DMQMT,1,1,1,1,1
DMQMT2,1,1,1,1,1
DMSOR1,1,1,1,1,1
DMSOR2,1,1,1,1,1
DMSORmq,1,1,1,1,1
DM_2HYMEPH,1,1,1,1,1
DM_2obut_c,1,1,1,1,1
DM_4HBA,1,1,1,1,1
DM_5DRIB,1,1,1,1,1
DM_5MTR,1,1,1,1,1
DM_AMOB,1,1,1,1,1
DM_HQN,1,1,1,1,1
DM_NA1,1,0,1,0,0
DM_atp_c_,1,1,1,1,1
DM_btn,1,1,1,1,1
DM_dad_5,1,1,1,1,1
DM_dhptd(c),1,1,1,1,1
DM_hcys_L_c,1,1,1,1,1
DM_kdo2lipid4L(c),1,1,1,1,1
DM_q8h2_c,1,1,1,1,1
DM_teich_45_BS(c),1,1,1,1,1
DOGDH,1,1,1,1,1
DOGULNR,1,1,1,1,1
DPCOAK,1,1,1,1,1
DPCOAt,1,1,1,1,1
DPMVDc,1,1,1,1,1
DPRr,1,1,1,1,1
DRBK,1,1,1,1,1
DRIBI,1,1,1,1,1
DRIBabc,1,1,1,1,1
DRPAr,1,1,1,1,1
DSERt2r,1,1,1,1,1
DTMPK,1,1,1,1,1
DTMPt,0,1,0,1,0
DTTPti,1,1,1,1,1
DURAD,1,1,1,1,1
DURAD2,1,1,1,1,1
DURADi,1,1,1,1,1
DURIK1,1,1,1,1,1
DURIPP,1,1,1,1,1
DURIt,1,1,1,1,1
DURIt2,1,1,1,1,1
DUTPDP,1,1,1,1,1
DXPRIi,1,1,1,1,1
DXPRIr,1,1,1,1,1
DXPS,1,1,1,1,1
DXYLK,1,1,1,1,1
D_GLY3PRi,1,1,1,1,1
D_LACD,1,1,1,1,1
D_LACt2,1,1,1,1,1
E4PD,1,1,1,1,1
EAR100x,1,1,1,1,1
EAR10M11x,1,1,1,1,1
EAR10M12,1,1,1,1,1
EAR10M12x,1,1,1,1,1
EAR11M12,1,1,1,1,1
EAR11M12x,1,1,1,1,1
EAR120x,1,1,1,1,1
EAR121x,1,1,1,1,1
EAR12M13x,1,1,1,1,1
EAR12M14,1,1,1,1,1
EAR12M14x,1,1,1,1,1
EAR13M14,1,1,1,1,1
EAR13M14x,1,1,1,1,1
EAR140x,1,1,1,1,1
EAR141x,1,1,1,1,1
EAR14M15x,1,1,1,1,1
EAR14M16,1,1,1,1,1
EAR14M16x,1,1,1,1,1
EAR15M16,1,1,1,1,1
EAR15M16x,1,1,1,1,1
EAR160x,1,1,1,1,1
EAR161x,1,1,1,1,1
EAR180x,1,1,1,1,1
EAR181x,1,1,1,1,1
EAR40x,1,1,1,1,1
EAR4M5x,1,1,1,1,1
EAR4M6,1,1,1,1,1
EAR4M6x,1,1,1,1,1
EAR5M6,1,1,1,1,1
EAR5M6x,1,1,1,1,1
EAR60x,1,1,1,1,1
EAR6M7x,1,1,1,1,1
EAR6M8,1,1,1,1,1
EAR6M8x,1,1,1,1,1
EAR7M8,1,1,1,1,1
EAR7M8x,1,1,1,1,1
EAR80x,1,1,1,1,1
EAR8M10,1,1,1,1,1
EAR8M10x,1,1,1,1,1
EAR8M9x,1,1,1,1,1
EAR9M10,1,1,1,1,1
EAR9M10x,1,1,1,1,1
ECOAH1,1,1,1,1,1
ECOAH12,1,1,1,1,1
ECOAH1R,1,1,1,1,1
ECOAH2,1,1,1,1,1
ECOAH3,1,1,1,1,1
ECOAH4,1,1,1,1,1
ECOAH5,1,1,1,1,1
ECOAH6,1,1,1,1,1
ECOAH7,1,1,1,1,1
ECOAH9,1,1,1,1,1
EDA,1,1,1,1,1
EDA_R,1,1,1,1,1
EDD,1,1,1,1,1
EDTXS1,1,1,1,1,1
EDTXS2,1,1,1,1,1
EHGLAT,1,1,1,1,1
ENO,1,1,1,1,1
ETHAAL,1,1,1,1,1
ETHSO3abc,1,1,1,1,1
ETOHt2r,1,1,1,1,1
ETOHt3,1,1,1,1,1
EX_12dgr180(e),1,1,1,1,1
EX_12ppd_S(e),1,1,1,1,1
EX_15dap(e),1,1,1,1,1
EX_26dap_M(e),1,1,1,1,1
EX_2ddglcn(e),1,1,1,1,1
EX_2dmmq8(e),1,1,1,1,1
EX_2obut(e),1,1,1,1,1
EX_3dhcdchol(e),1,1,1,1,1
EX_3mop(e),1,1,1,1,1
EX_4abut(e),1,0,1,0,0
EX_4abz(e),1,1,1,1,1
EX_4hbz(e),1,1,1,1,1
EX_4hpro_LT(e),1,1,1,1,1
EX_5aop(e),1,1,1,1,1
EX_7dhcdchol(e),1,1,1,1,1
EX_C02528(e),1,1,1,1,1
EX_HC02191(e),1,1,1,1,1
EX_Lcyst(e),1,1,1,1,1
EX_Nbfortyr(e),1,1,1,1,1
EX_Ser_Thr(e),1,1,1,1,1
EX_T_antigen(e),1,1,1,1,1
EX_Tn_antigen(e),1,1,1,1,1
EX_ac(e),1,1,1,1,1
EX_acac(e),0,1,0,1,0
EX_acald(e),1,1,1,1,1
EX_acgal(e),1,1,1,1,1
EX_acgam(e),1,1,1,1,1
EX_acmana(e),1,1,1,1,1
EX_acnam(e),1,1,1,1,1
EX_ade(e),1,1,1,1,1
EX_adn(e),1,1,1,1,1
EX_adocbl(e),1,1,1,1,1
EX_adprib(e),1,1,1,1,1
EX_ahcys(e),1,1,1,1,1
EX_akg(e),1,1,1,1,1
EX_ala_D(e),1,1,1,1,1
EX_ala_L(e),1,1,1,1,1
EX_alaala(e),1,1,1,1,1
EX_alaasp(e),1,1,1,1,1
EX_alagln(e),1,1,1,1,1
EX_alaglu(e),1,1,1,1,1
EX_alagly(e),1,1,1,1,1
EX_alahis(e),1,1,1,1,1
EX_alaleu(e),1,1,1,1,1
EX_alathr(e),1,1,1,1,1
EX_alltn(e),1,1,1,1,1
EX_amet(e),1,1,1,1,1
EX_amp(e),1,1,1,1,1
EX_arab_D(e),1,1,1,1,1
EX_arab_L(e),1,1,1,1,1
EX_arabttr(e),1,1,1,1,1
EX_arbt(e),1,1,1,1,1
EX_arg_L(e),1,1,1,1,1
EX_arsenb(e),1,1,1,1,1
EX_asn_L(e),1,1,1,1,1
EX_aso3(e),1,1,1,1,1
EX_aso4(e),1,1,1,1,1
EX_asp_L(e),1,1,1,1,1
EX_atp(e),0,1,0,1,0
EX_bhb(e),1,1,1,1,1
EX_biomass(e),1,1,1,1,1
EX_btn(e),1,1,1,1,1
EX_but(e),1,1,1,1,1
EX_butso3(e),1,1,1,1,1
EX_bz(e),1,1,1,1,1
EX_bzam(e),1,1,1,1,1
EX_ca2(e),1,1,1,1,1
EX_cbl1(e),1,1,1,1,1
EX_cbl2(e),1,1,1,1,1
EX_cd2(e),1,1,1,1,1
EX_cdp(e),0,1,0,1,0
EX_cellb(e),1,1,1,1,1
EX_cgly(e),1,1,1,1,1
EX_chol(e),1,1,1,1,1
EX_cholate(e),1,1,1,1,1
EX_chols(e),1,1,1,1,1
EX_chor(e),1,1,1,1,1
EX_chsterol(e),1,1,1,1,1
EX_chtbs(e),1,1,1,1,1
EX_cit(e),1,1,1,1,1
EX_cl(e),1,1,1,1,1
EX_cmp(e),1,1,1,1,1
EX_co2(e),1,1,1,1,1
EX_coa(e),1,1,1,1,1
EX_cobalt2(e),1,1,1,1,1
EX_core2(e),1,1,1,1,1
EX_core3(e),1,1,1,1,1
EX_core4(e),1,1,1,1,1
EX_core5(e),1,1,1,1,1
EX_core6(e),1,1,1,1,1
EX_core7(e),1,1,1,1,1
EX_core8(e),1,1,1,1,1
EX_crn(e),1,1,1,1,1
EX_cro4(e),1,1,1,1,1
EX_csn(e),1,1,1,1,1
EX_ctbt(e),1,1,1,1,1
EX_ctp(e),0,1,0,1,0
EX_cu2(e),1,1,1,1,1
EX_cys_L(e),1,1,1,1,1
EX_cytd(e),1,1,1,1,1
EX_dad_2(e),1,1,1,1,1
EX_datp(e),1,1,1,1,1
EX_dchac(e),1,1,1,1,1
EX_dcyt(e),1,1,1,1,1
EX_ddca(e),1,1,1,1,1
EX_dextrin(e),1,1,1,1,1
EX_dgchol(e),1,1,1,1,1
EX_dgsn(e),1,1,1,1,1
EX_dgtp(e),1,0,1,1,0
EX_dhnacoa(e),0,1,0,1,0
EX_dpcoa(e),1,1,1,1,1
EX_drib(e),1,1,1,1,1
EX_dsT_antigen(e),1,1,1,1,1
EX_dtdp(e),0,1,0,1,0
EX_dtmp(e),0,1,0,1,0
EX_dttp(e),1,1,1,1,1
EX_duri(e),1,1,1,1,1
EX_ethso3(e),1,1,1,1,1
EX_etoh(e),1,1,1,1,1
EX_f1a(e),1,1,1,1,1
EX_fe2(e),1,1,1,1,1
EX_fe3(e),1,1,1,1,1
EX_fecrm(e),1,1,1,1,1
EX_fol(e),1,1,1,1,1
EX_for(e),1,1,1,1,1
EX_fru(e),1,1,1,1,1
EX_fuc_L(e),1,1,1,1,1
EX_fum(e),1,1,1,1,1
EX_g1p(e),0,1,0,1,0
EX_g6p(e),0,1,0,1,0
EX_gal(e),1,1,1,1,1
EX_galt(e),1,1,1,1,1
EX_galur(e),1,1,1,1,1
EX_gam(e),1,1,1,1,1
EX_gbbtn(e),1,1,1,1,1
EX_gcald(e),1,1,1,1,1
EX_glc_D(e),1,1,1,1,1
EX_glcn(e),1,1,1,1,1
EX_glcur(e),1,1,1,1,1
EX_gln_L(e),1,1,1,1,1
EX_glu_D(e),1,1,1,1,1
EX_glu_L(e),1,1,1,1,1
EX_gly(e),1,1,1,1,1
EX_glyasn(e),1,1,1,1,1
EX_glyasp(e),1,1,1,1,1
EX_glyb(e),1,1,1,1,1
EX_glyc(e),1,1,1,1,1
EX_glyc3p(e),1,1,1,1,1
EX_glycys(e),1,1,1,1,1
EX_glygln(e),1,1,1,1,1
EX_glyglu(e),1,1,1,1,1
EX_glyleu(e),1,1,1,1,1
EX_glymet(e),1,1,1,1,1
EX_glyphe(e),1,1,1,1,1
EX_glypro(e),1,1,1,1,1
EX_glytyr(e),1,1,1,1,1
EX_gncore1(e),1,1,1,1,1
EX_gncore2(e),1,1,1,1,1
EX_gsn(e),1,1,1,1,1
EX_gthox(e),1,1,1,1,1
EX_gthrd(e),1,1,1,1,1
EX_gtp(e),1,1,1,1,1
EX_gua(e),1,1,1,1,1
EX_h(e),1,1,1,1,1
EX_h2(e),1,1,1,1,1
EX_h2o(e),1,1,1,1,1
EX_h2s(e),1,1,1,1,1
EX_hco3(e),1,1,1,1,1
EX_hdca(e),1,1,1,1,1
EX_hdcea(e),1,1,1,1,1
EX_hexs(e),1,1,1,1,1
EX_hg2(e),1,1,1,1,1
EX_his_L(e),1,1,1,1,1
EX_hxan(e),1,1,1,1,1
EX_ile_L(e),1,1,1,1,1
EX_indole(e),1,1,1,1,1
EX_ins(e),1,1,1,1,1
EX_inulin(e),1,1,1,1,1
EX_isetac(e),1,1,1,1,1
EX_isobut(e),1,0,1,1,0
EX_isocapr(e),1,0,1,1,0
EX_isoval(e),1,0,1,1,0
EX_k(e),1,1,1,1,1
EX_kesto(e),1,1,1,1,1
EX_kestopt(e),1,1,1,1,1
EX_kestottr(e),1,1,1,1,1
EX_lac_D(e),1,1,1,1,1
EX_lac_L(e),1,1,1,1,1
EX_lanost(e),1,1,1,1,1
EX_lcts(e),1,1,1,1,1
EX_leu_L(e),1,1,1,1,1
EX_lys_L(e),1,1,1,1,1
EX_lyx_L(e),1,1,1,1,1
EX_mal_L(e),1,1,1,1,1
EX_malt(e),1,1,1,1,1
EX_malthx(e),1,1,1,1,1
EX_malttr(e),1,1,1,1,1
EX_man(e),1,1,1,1,1
EX_mantr(e),1,1,1,1,1
EX_melib(e),1,1,1,1,1
EX_meoh(e),1,1,1,1,1
EX_met_D(e),1,1,1,1,1
EX_met_L(e),1,1,1,1,1
EX_metala(e),1,1,1,1,1
EX_metsox_R_L(e),1,1,1,1,1
EX_metsox_S_L(e),1,1,1,1,1
EX_mg2(e),1,1,1,1,1
EX_mmet(e),1,1,1,1,1
EX_mn2(e),1,1,1,1,1
EX_mnl(e),1,1,1,1,1
EX_mobd(e),1,1,1,1,1
EX_mops(e),1,1,1,1,1
EX_mqn7(e),1,1,1,1,1
EX_mqn8(e),1,1,1,1,1
EX_mso3(e),1,1,1,1,1
EX_na1(e),1,1,1,1,1
EX_nac(e),1,1,1,1,1
EX_nadp(e),1,1,1,1,1
EX_ncam(e),1,1,1,1,1
EX_nh4(e),1,1,1,1,1
EX_ni2(e),1,1,1,1,1
EX_nmn(e),1,1,1,1,1
EX_no2(e),1,1,1,1,1
EX_no3(e),1,1,1,1,1
EX_o2(e),1,1,1,1,1
EX_ocdca(e),1,1,1,1,1
EX_ocdcea(e),1,1,1,1,1
EX_orn(e),1,1,1,1,1
EX_orot(e),1,1,1,1,1
EX_pap(e),0,1,0,1,0
EX_pb(e),1,1,1,1,1
EX_pect(e),1,1,1,1,1
EX_phe_L(e),1,1,1,1,1
EX_pheme(e),1,1,1,1,1
EX_pi(e),1,1,1,1,1
EX_pime(e),1,1,1,1,1
EX_pnto_R(e),1,1,1,1,1
EX_ppa(e),0,1,0,1,0
EX_ppi(e),1,1,1,1,1
EX_pppi(e),1,1,1,1,1
EX_pppn(e),1,1,1,1,1
EX_ppt(e),1,1,1,1,1
EX_pro_L(e),1,1,1,1,1
EX_prpp(e),0,1,0,1,0
EX_ptrc(e),1,1,1,1,1
EX_pydam(e),1,1,1,1,1
EX_pydx(e),1,1,1,1,1
EX_pydx5p(e),1,1,1,1,1
EX_pydxn(e),1,1,1,1,1
EX_pyr(e),1,1,1,1,1
EX_q8(e),1,1,1,1,1
EX_rib_D(e),1,1,1,1,1
EX_ribflv(e),1,1,1,1,1
EX_rmn(e),1,1,1,1,1
EX_sT_antigen(e),1,1,1,1,1
EX_sTn_antigen(e),1,1,1,1,1
EX_salcn(e),1,1,1,1,1
EX_sbt_D(e),1,1,1,1,1
EX_sbzcoa(e),0,1,0,1,0
EX_ser_D(e),1,1,1,1,1
EX_ser_L(e),1,1,1,1,1
EX_sheme(e),1,1,1,1,1
EX_so4(e),1,1,1,1,1
EX_spmd(e),1,1,1,1,1
EX_strch1(e),1,1,1,1,1
EX_strch2(e),1,1,1,1,1
EX_stys(e),1,1,1,1,1
EX_succ(e),1,1,1,1,1
EX_sucr(e),1,1,1,1,1
EX_sulfac(e),1,1,1,1,1
EX_taur(e),1,1,1,1,1
EX_thm(e),1,1,1,1,1
EX_thmmp(e),0,1,0,1,0
EX_thr_L(e),1,1,1,1,1
EX_thymd(e),1,1,1,1,1
EX_tre(e),1,1,1,1,1
EX_trp_L(e),1,1,1,1,1
EX_tsul(e),1,1,1,1,1
EX_ttdca(e),1,1,1,1,1
EX_tyr_L(e),1,1,1,1,1
EX_udcpdp(e),1,1,1,1,1
EX_udp(e),0,1,0,1,0
EX_udpg(e),0,1,0,1,0
EX_udpglcur_e,0,1,0,1,0
EX_ump(e),1,1,1,1,1
EX_ura(e),1,1,1,1,1
EX_urea(e),1,1,1,1,1
EX_uri(e),1,1,1,1,1
EX_utp(e),0,1,0,1,0
EX_val_L(e),1,1,1,1,1
EX_xan(e),1,1,1,1,1
EX_xyl_D(e),1,1,1,1,1
EX_zn2(e),1,1,1,1,1
F6PE4PL,1,1,1,1,1
FA120ACPH,1,1,1,1,1
FA160ACPH,1,1,1,1,1
FA180ACPH,1,1,1,1,1
FA180ACPHrev,1,1,1,1,1
FA80ACPHi,1,1,1,1,1
FAACPH,1,1,1,1,1
FACOAL140i,1,1,1,1,1
FACOAL160i,1,1,1,1,1
FACOAL161,1,1,1,1,1
FACOAL180,1,1,1,1,1
FACOAL180i,1,1,1,1,1
FACOAL181,1,1,1,1,1
FACOAL181i,1,1,1,1,1
FACOALAI15,1,1,1,1,1
FACOALAI17,1,1,1,1,1
FACOALI14,1,1,1,1,1
FACOALI15,1,1,1,1,1
FACOALI16,1,1,1,1,1
FACOALI17,1,1,1,1,1
FADDP,1,1,1,1,1
FAO11,1,1,1,1,1
FAO181E,1,1,1,1,1
FAO181O,1,1,1,1,1
FAO2,1,1,1,1,1
FAS140ACPrev,1,1,1,1,1
FAS180ACP,1,1,1,1,1
FATP2t,1,1,1,1,1
FBA,1,1,1,1,1
FBA2,1,1,1,1,1
FBA3,1,1,1,1,1
FBA4,1,1,1,1,1
FBP,1,1,1,1,1
FCI,1,1,1,1,1
FCLK,1,1,1,1,1
FCLPA,1,1,1,1,1
FDH,1,1,1,1,1
FDHfdx,1,1,1,1,1
FDNADOX_H,1,1,1,1,1
FDOXR,1,1,1,1,1
FDOXRi,1,1,1,1,1
FE2DH,1,1,1,1,1
FE2DHi,1,1,1,1,1
FE2abc,1,1,1,1,1
FE2t,1,1,1,1,1
FE3Ri,1,1,1,1,1
FE3abc,1,1,1,1,1
FE3t4,1,1,1,1,1
FECRMabc,1,1,1,1,1
FEDCabc,1,1,1,1,1
FERO,1,1,1,1,1
FFSD,1,1,1,1,1
FGLU,1,1,1,1,1
FMNAT,1,1,1,1,1
FMNRx,1,1,1,1,1
FOLD3,1,1,1,1,1
FOLR3,1,1,1,1,1
FOLRrev,1,1,1,1,1
FOLabc,1,1,1,1,1
FOLt,1,1,1,1,1
FOMETR,1,1,1,1,1
FORTHFC,1,1,1,1,1
FORt,1,0,1,1,0
FORt2r,1,1,1,1,1
FPGS7,1,1,1,1,1
FPGS_tm,1,1,1,1,1
FRD,1,1,1,1,1
FRD2,1,1,1,1,1
FRD3,1,1,1,1,1
FRD7,1,1,1,1,1
FRDO,1,1,1,1,1
FRDPFT,1,0,1,1,0
FRDPS,1,1,1,1,1
FRTT,1,1,1,1,1
FRUK,1,1,1,1,1
FRULYSE,1,1,1,1,1
FRULYSK,1,1,1,1,1
FRUpts,1,1,1,1,1
FRUpts2,1,1,1,1,1
FRUt1r,1,1,1,1,1
FRUt4,1,1,1,1,1
FT,1,1,1,1,1
FTHFCL,1,1,1,1,1
FTHFD,1,1,1,1,1
FTHFL,1,1,1,1,1
FUCt,1,1,1,1,1
FUCt2_1,1,1,1,1,1
FUM,1,1,1,1,1
FUMt2,1,1,1,1,1
FUMt2r,1,1,1,1,1
FXXRDO,1,1,1,1,1
G15LACH,1,1,1,1,1
G1PACT,1,1,1,1,1
G1PCT,1,1,1,1,1
G1PGTi,1,1,1,1,1
G1PRIBFLVPT,1,1,1,1,1
G1PTT,1,1,1,1,1
G1Pt2r,0,1,0,1,0
G1SAT,1,1,1,1,1
G3PAT120,1,1,1,1,1
G3PAT140,1,1,1,1,1
G3PAT141,1,1,1,1,1
G3PAT160,1,1,1,1,1
G3PAT161,1,1,1,1,1
G3PAT180,1,1,1,1,1
G3PAT181,1,1,1,1,1
G3PATAI15,1,1,1,1,1
G3PATAI17,1,1,1,1,1
G3PATI14,1,1,1,1,1
G3PATI15,1,1,1,1,1
G3PATI16,1,1,1,1,1
G3PATI17,1,1,1,1,1
G3PCT,1,1,1,1,1
G3PD1,1,1,1,1,1
G3PD2,1,1,1,1,1
G3PD5,1,1,1,1,1
G3PD6,1,1,1,1,1
G3PD7,1,1,1,1,1
G3PD8i,1,1,1,1,1
G3PFDXOR,1,1,1,1,1
G3PFDXORi,1,1,1,1,1
G5SADs,1,1,1,1,1
G5SDr,1,1,1,1,1
G6PBDH,1,1,1,1,1
G6PDA,1,1,1,1,1
G6PDH2,1,1,1,1,1
G6PDH2c,1,1,1,1,1
G6PDH2r,1,1,1,1,1
G6PGT,1,1,1,1,1
G6PI,1,1,1,1,1
G6PI3,1,1,1,1,1
G6Pt6_2,0,1,0,1,0
GALASE_OGLYCAN1e,1,1,1,1,1
GALASE_OGLYCAN2e,1,1,1,1,1
GALASE_OGLYCAN3e,1,1,1,1,1
GALCTD,1,1,1,1,1
GALK,1,1,1,1,1
GALM1r,1,1,1,1,1
GALNACASE_OGLYCAN1e,1,1,1,1,1
GALNACASE_OGLYCAN2e,1,1,1,1,1
GALNACASE_OGLYCAN3e,1,1,1,1,1
GALS3,1,1,1,1,1
GALT,1,1,1,1,1
GALT1,1,1,1,1,1
GALTpts,1,1,1,1,1
GALU,1,1,1,1,1
GALURt2r,1,1,1,1,1
GALabc,1,1,1,1,1
GAMpts,1,1,1,1,1
GAPD,1,1,1,1,1
GARFT,1,1,1,1,1
GARFTi,1,1,1,1,1
GBBTNabc,1,1,1,1,1
GCALDDr,1,1,1,1,1
GCALDt,1,1,1,1,1
GCCa,1,1,1,1,1
GCCb,1,1,1,1,1
GCCc,1,1,1,1,1
GCDCHOLBHSe,1,1,1,1,1
GCDOCHAH,1,1,1,1,1
GDPMNH,1,1,1,1,1
GF6PTA,1,1,1,1,1
GFUCS,1,1,1,1,1
GGTA,1,1,1,1,1
GGTT,1,1,1,1,1
GHMT2,1,1,1,1,1
GHMT2r,1,1,1,1,1
GK1,1,1,1,1,1
GK2,1,1,1,1,1
GLCDe,0,1,0,1,0
GLCNACASE_OGLYCAN1e,1,1,1,1,1
GLCNACASE_OGLYCAN2e,1,1,1,1,1
GLCNACASE_OGLYCAN3e,1,1,1,1,1
GLCNACASE_OGLYCAN4e,1,1,1,1,1
GLCNACASE_OGLYCAN5e,1,1,1,1,1
GLCNACASE_OGLYCAN6e,1,1,1,1,1
GLCND,1,1,1,1,1
GLCNt2r,1,1,1,1,1
GLCP,1,1,1,1,1
GLCRAL,1,1,1,1,1
GLCRD,1,1,1,1,1
GLCRHL,1,1,1,1,1
GLCS1,1,1,1,1,1
GLCS2,1,1,1,1,1
GLCTR1,1,1,1,1,1
GLCTR2,1,1,1,1,1
GLCTR3,1,1,1,1,1
GLCTR4r,1,1,1,1,1
GLCURt2r,1,1,1,1,1
GLCabc,1,1,1,1,1
GLCpts,1,1,1,1,1
GLFRDO,1,1,1,1,1
GLGC,1,1,1,1,1
GLNS,1,1,1,1,1
GLNSP1,1,1,1,1,1
GLNSP2,1,1,1,1,1
GLNSP3,1,1,1,1,1
GLNabc,1,1,1,1,1
GLNt2r,1,1,1,1,1
GLTPD,1,1,1,1,1
GLU5K,1,1,1,1,1
GLUCYS,1,1,1,1,1
GLUDC,1,1,1,1,1
GLUDxi,1,1,1,1,1
GLUDy,1,1,1,1,1
GLUFORT,1,1,1,1,1
GLUN,1,1,1,1,1
GLUOOR,1,1,1,1,1
GLUOX,1,1,1,1,1
GLUPRT,1,1,1,1,1
GLUR,1,1,1,1,1
GLUTRR,1,1,1,1,1
GLUTRS,1,1,1,1,1
GLU_Dt2r,1,1,1,1,1
GLUabc,1,1,1,1,1
GLUt2,1,1,1,1,1
GLUt2pp,1,1,1,1,1
GLUt2r,1,1,1,1,1
GLUt4r,1,1,1,1,1
GLXO1,1,1,1,1,1
GLYASN1c,1,1,1,1,1
GLYASNabc,1,1,1,1,1
GLYASP1c,1,1,1,1,1
GLYASPabc,1,1,1,1,1
GLYAT,1,1,1,1,1
GLYBabc,1,1,1,1,1
GLYBt2r,1,1,1,1,1
GLYBt4_2,1,1,1,1,1
GLYC3Pabc,1,1,1,1,1
GLYC3Pt,1,1,1,1,1
GLYCDx,1,1,1,1,1
GLYCK2,1,1,1,1,1
GLYCL,1,1,1,1,1
GLYCLTDx,1,1,1,1,1
GLYCLTDy,1,1,1,1,1
GLYCPT,1,1,1,1,1
GLYCYSabc,1,1,1,1,1
GLYCt,1,1,1,1,1
GLYD,1,1,1,1,1
GLYDy,1,1,1,1,1
GLYGLN1c,1,1,1,1,1
GLYGLNabc,1,1,1,1,1
GLYGLU1c,1,1,1,1,1
GLYGLUabc,1,1,1,1,1
GLYK,1,1,1,1,1
GLYLEUHYDROc,1,1,1,1,1
GLYLEUPEPT1tc,1,1,1,1,1
GLYMET1c,1,1,1,1,1
GLYMETabc,1,1,1,1,1
GLYMETt2r,1,1,1,1,1
GLYOX,1,1,1,1,1
GLYPHEHYc,1,1,1,1,1
GLYPHEabc,1,1,1,1,1
GLYPROPRO1c,1,1,1,1,1
GLYPROabc,1,1,1,1,1
GLYR,1,1,1,1,1
GLYTYR1c,1,1,1,1,1
GLYTYRabc,1,1,1,1,1
GLYt2,1,1,1,1,1
GLYt2r,1,1,1,1,1
GLYt4r,1,1,1,1,1
GMAND,1,1,1,1,1
GMHEPAT,1,1,1,1,1
GMHEPK,1,1,1,1,1
GMHEPPA,1,1,1,1,1
GMPR,1,1,1,1,1
GMPS2,1,1,1,1,1
GND,1,1,1,1,1
GND2,1,1,1,1,1
GNDc,1,1,1,1,1
GNK,1,1,1,1,1
GNMT,1,1,1,1,1
GNNUC,1,1,1,1,1
GP4GH,1,1,1,1,1
GPDDA1,1,1,1,1,1
GPDDA2,1,1,1,1,1
GPDDA3,1,1,1,1,1
GPDDA4,1,1,1,1,1
GRTT,1,1,1,1,1
GSNK,1,1,1,1,1
GSNt,1,1,1,1,1
GSNt2,1,1,1,1,1
GSNt5le,1,1,1,1,1
GSPH,1,1,1,1,1
GTHOXti3,1,1,1,1,1
GTHOr,1,1,1,1,1
GTHP,1,1,1,1,1
GTHRD,1,1,1,1,1
GTHRDH,1,1,1,1,1
GTHRDt2,1,1,1,1,1
GTHS,1,1,1,1,1
GTPCI,1,1,1,1,1
GTPCII,1,1,1,1,1
GTPDPK,1,1,1,1,1
GTPGLCGLYCPPT,1,1,1,1,1
GTPt,0,1,0,1,0
GTPti,1,1,1,1,1
GUAD,1,1,1,1,1
GUAPRT,1,1,1,1,1
GUAt,1,1,1,1,1
GUAt2,1,1,1,1,1
GUI1,1,1,1,1,1
GUI2,1,1,1,1,1
H2CO3D,1,1,1,1,1
H2Ot,1,1,1,1,1
H2St,1,1,1,1,1
H2td,1,1,1,1,1
HACD1,1,1,1,1,1
HACD2,1,1,1,1,1
HACD3,1,1,1,1,1
HACD4,1,1,1,1,1
HACD5,1,1,1,1,1
HACD6,1,1,1,1,1
HACD7,1,1,1,1,1
HACD9,1,1,1,1,1
HADPCOADH3,1,1,1,1,1
HAMNOR,1,1,1,1,1
HBZOPT,1,1,1,1,1
HCO3abc,1,1,1,1,1
HCYSHSL,1,1,1,1,1
HCYSMT,1,1,1,1,1
HCYSMT2,1,1,1,1,1
HDCAtr,1,1,1,1,1
HDCEAtr,1,1,1,1,1
HDECMOCOACACT,1,1,1,1,1
HDG3PACT,1,1,1,1,1
HEMEti,1,1,1,1,1
HEPK1,1,1,1,1,1
HEPK2,1,1,1,1,1
HEPT1,1,1,1,1,1
HEPT2,1,1,1,1,1
HEPT3,1,1,1,1,1
HEPT4,1,1,1,1,1
HETT,1,1,1,1,1
HETZK,1,1,1,1,1
HEX1,1,1,1,1,1
HEX10,1,1,1,1,1
HEX4,1,1,1,1,1
HEX7,1,1,1,1,1
HEXSabc,1,1,1,1,1
HEXTT,1,1,1,1,1
HEXb,1,1,1,1,1
HG2abc,1,1,1,1,1
HGOR,1,1,1,1,1
HIBD,1,1,1,1,1
HISD,1,1,1,1,1
HISSNAT5tc,1,1,1,1,1
HISTDOX,1,1,1,1,1
HISTLOX,1,1,1,1,1
HISTP,1,1,1,1,1
HISabc,1,1,1,1,1
HISt2pp,1,1,1,1,1
HISt2r,1,1,1,1,1
HIStN1,1,1,1,1,1
HIStiDF,1,1,1,1,1
HISyLATthc,1,1,1,1,1
HKt,1,1,1,1,1
HMBS,1,1,1,1,1
HMGCOAS,1,1,1,1,1
HMGL,1,1,1,1,1
HMPK1,1,1,1,1,1
HOPNTAL,1,1,1,1,1
HPPK,1,1,1,1,1
HPYRI,1,1,1,1,1
HSDx,1,1,1,1,1
HSDy,1,1,1,1,1
HSERTA,1,1,1,1,1
HSK,1,1,1,1,1
HSST,1,1,1,1,1
HSTPTr,1,1,1,1,1
HXAND,1,1,1,1,1
HXANt2,1,1,1,1,1
HXPRT,1,1,1,1,1
HXPRTr,1,1,1,1,1
HYD1,1,1,1,1,1
HYD4,1,1,1,1,1
HYDFDN2rfdx,1,1,1,1,1
HYDFDNrfdx,1,1,1,1,1
HYPD,1,1,1,1,1
HYXNt,1,1,1,1,1
HYXNti,1,1,1,1,1
HYXNtipp,1,1,1,1,1
IAHDGK,1,1,1,1,1
IAPDGK,1,1,1,1,1
IBCOATA,1,1,1,1,1
ICDHx,1,1,1,1,1
ICDHxi,1,1,1,1,1
ICDHy,1,1,1,1,1
ICDHyr,1,0,1,1,0
ICHORS,1,1,1,1,1
ICHORT,1,1,1,1,1
IG3PS,1,1,1,1,1
IGPDH,1,1,1,1,1
IGPS,1,1,1,1,1
IHDCOATA,1,1,1,1,1
IHDGK,1,1,1,1,1
IHDUDPG,1,1,1,1,1
IHDUDPMG,1,1,1,1,1
IHPDCOATA,1,1,1,1,1
IHXDGK,1,1,1,1,1
ILETA,1,1,1,1,1
ILEabc,1,1,1,1,1
ILEt2r,1,1,1,1,1
IMACTD,1,1,1,1,1
IMPC,1,1,1,1,1
IMPD,1,1,1,1,1
IMPPH,1,1,1,1,1
INDOLEt2r,1,1,1,1,1
INHINDH,1,1,1,1,1
INS2D,1,1,1,1,1
INSH,1,1,1,1,1
INSK,1,1,1,1,1
INSt,1,1,1,1,1
INSt2,1,1,1,1,1
INSt2i,1,1,1,1,1
INULINASE,1,1,1,1,1
INULINASEe,1,1,1,1,1
INULINabc,1,1,1,1,1
IOR,1,1,1,1,1
IPDCOATA,1,1,1,1,1
IPDDI,1,1,1,1,1
IPDGK,1,1,1,1,1
IPDPS,1,1,1,1,1
IPDPS2,1,1,1,1,1
IPDPUPT,1,1,1,1,1
IPDUDPG,1,1,1,1,1
IPDUDPMG,1,1,1,1,1
IPFPHS,1,1,1,1,1
IPMD2,1,1,1,1,1
IPMDr,1,1,1,1,1
IPPMIa,1,1,1,1,1
IPPMIb,1,1,1,1,1
ISETACabc,1,1,1,1,1
ISOBUTt2r,1,0,1,1,0
ISOCAPRt2r,1,0,1,1,0
ISOMALT,1,1,1,1,1
ISOVALt2r,1,0,1,1,0
ITDCOATA,1,1,1,1,1
ITDGK,1,1,1,1,1
ITDUDPG,1,1,1,1,1
ITDUDPMG,1,1,1,1,1
IVCOATA,1,1,1,1,1
IXDUDPG,1,1,1,1,1
IXDUDPMG,1,1,1,1,1
IZPN,1,1,1,1,1
KARA1,1,1,1,1,1
KARA3,1,1,1,1,1
KAS1,1,1,1,1,1
KAS11,1,1,1,1,1
KAS12,1,1,1,1,1
KAS13,1,1,1,1,1
KAS14,1,1,1,1,1
KAS16,1,1,1,1,1
KAS17rev,1,1,1,1,1
KAS3,1,1,1,1,1
KAS4,1,1,1,1,1
KAS6,1,1,1,1,1
KAS7,1,1,1,1,1
KAS8,1,1,1,1,1
KAS_HP,1,1,1,1,1
KDOCT2,1,1,1,1,1
KDOPP,1,1,1,1,1
KDOPSr,1,1,1,1,1
KDOS,1,1,1,1,1
KESTOASEe,1,1,1,1,1
KESTOPTASEe,1,1,1,1,1
KESTOTTRASEe,1,1,1,1,1
KHK2,1,1,1,1,1
Kabc,1,1,1,1,1
Kt1r,1,1,1,1,1
Kt2,1,1,1,1,1
Kt2r,1,1,1,1,1
Kt3,1,1,1,1,1
L2A6OD2s,1,1,1,1,1
L2A6ODs,1,1,1,1,1
LAAL_CGLY,1,1,1,1,1
LACLi,1,1,1,1,1
LACZ,1,1,1,1,1
LACpts,1,1,1,1,1
LANOSTt,1,1,1,1,1
LAPCOAe,0,1,0,1,0
LARGNAT,1,1,1,1,1
LCADi,1,1,1,1,1
LCARRy,1,1,1,1,1
LCARS,1,1,1,1,1
LCAT,1,1,1,1,1
LCTSabc,1,1,1,1,1
LCYSTabc,1,1,1,1,1
LDH_D,1,1,1,1,1
LDH_D2,1,1,1,1,1
LDH_L,1,1,1,1,1
LEU2,1,1,1,1,1
LEUO,1,0,1,1,0
LEUTA,1,1,1,1,1
LEUabc,1,1,1,1,1
LEUt2r,1,1,1,1,1
LGTHL,1,1,1,1,1
LLEUD,1,1,1,1,1
LLEUDr,1,0,1,1,0
LPADSS,1,1,1,1,1
LPAMS,0,1,0,1,0
LPLIPAL1A120,1,1,1,1,1
LPLIPAL1A140,1,1,1,1,1
LPLIPAL1A141,1,1,1,1,1
LPLIPAL1A160,1,1,1,1,1
LPLIPAL1A161,1,1,1,1,1
LPLIPAL1A180,1,1,1,1,1
LPLIPAL1A181,1,1,1,1,1
LPLIPAL1E120,1,1,1,1,1
LPLIPAL1E140,1,1,1,1,1
LPLIPAL1E141,1,1,1,1,1
LPLIPAL1E160,1,1,1,1,1
LPLIPAL1E161,1,1,1,1,1
LPLIPAL1E180,1,1,1,1,1
LPLIPAL1E181,1,1,1,1,1
LPLIPAL1G120,1,1,1,1,1
LPLIPAL1G140,1,1,1,1,1
LPLIPAL1G141,1,1,1,1,1
LPLIPAL1G160,1,1,1,1,1
LPLIPAL1G161,1,1,1,1,1
LPLIPAL1G180,1,1,1,1,1
LPLIPAL1G181,1,1,1,1,1
LPLIPAL2A120,1,1,1,1,1
LPLIPAL2A140,1,1,1,1,1
LPLIPAL2A141,1,1,1,1,1
LPLIPAL2A160,1,1,1,1,1
LPLIPAL2A161,1,1,1,1,1
LPLIPAL2A180,1,1,1,1,1
LPLIPAL2A181,1,1,1,1,1
LPLIPAL2E120,1,1,1,1,1
LPLIPAL2E140,1,1,1,1,1
LPLIPAL2E141,1,1,1,1,1
LPLIPAL2E160,1,1,1,1,1
LPLIPAL2E161,1,1,1,1,1
LPLIPAL2E180,1,1,1,1,1
LPLIPAL2E181,1,1,1,1,1
LPLIPAL2G120,1,1,1,1,1
LPLIPAL2G140,1,1,1,1,1
LPLIPAL2G141,1,1,1,1,1
LPLIPAL2G160,1,1,1,1,1
LPLIPAL2G161,1,1,1,1,1
LPLIPAL2G180,1,1,1,1,1
LPLIPAL2G181,1,1,1,1,1
LYSAM,1,1,1,1,1
LYSDC,1,1,1,1,1
LYSabc,1,1,1,1,1
LYSt2r,1,1,1,1,1
LYSt3,1,1,1,1,1
LYSt3pp,1,1,1,1,1
LYSt3r,1,1,1,1,1
LYXI,1,1,1,1,1
LYXabc,1,1,1,1,1
L_AROND,1,1,1,1,1
L_ARONR,1,1,1,1,1
L_ASPR,1,1,1,1,1
L_ILE3MR,1,0,1,1,0
L_ILE3MRi,1,1,1,1,1
L_LACD,1,1,1,1,1
L_LACD2,1,1,1,1,1
L_LACD3,1,1,1,1,1
L_LACt2,1,1,1,1,1
L_LACt2r,1,1,1,1,1
L_VALMOD,1,1,1,1,1
M1PD,1,1,1,1,1
MACCOAT,1,1,1,1,1
MACPMT,1,1,1,1,1
MADGBG,1,1,1,1,1
MALACPS,1,1,1,1,1
MALCOAPYRCT,1,1,1,1,1
MALFADOi,1,1,1,1,1
MALT,1,1,1,1,1
MALT6PH,1,1,1,1,1
MALTATr,1,1,1,1,1
MALTHXabc,1,1,1,1,1
MALTTRabc,1,1,1,1,1
MALTabc,1,1,1,1,1
MALTpts,1,1,1,1,1
MALt2r,1,1,1,1,1
MAN1PT,1,1,1,1,1
MAN1PT2,1,1,1,1,1
MAN6PI,1,1,1,1,1
MANA4,1,1,1,1,1
MANAD_D,1,1,1,1,1
MANAO,1,1,1,1,1
MANTRabc,1,1,1,1,1
MANabc,1,1,1,1,1
MANpts,1,1,1,1,1
MBDGBG,1,1,1,1,1
MCCCr,1,1,1,1,1
MCITL2,1,1,1,1,1
MCOATA,1,1,1,1,1
MCSNAH1r,1,1,1,1,1
MDDCP1,1,1,1,1,1
MDDCP4,1,1,1,1,1
MDDEP1,1,1,1,1,1
MDDEP4,1,1,1,1,1
MDH,1,1,1,1,1
ME1,1,1,1,1,1
ME2,1,1,1,1,1
MECDPDH2,1,1,1,1,1
MECDPS,1,1,1,1,1
MELIBt2r,1,1,1,1,1
MEOHt2,1,1,1,1,1
MEPCT,1,1,1,1,1
METALA1c,1,1,1,1,1
METALAabc,1,1,1,1,1
METAT,1,1,1,1,1
METB1,1,1,1,1,1
METDabc,1,1,1,1,1
METFR,1,1,1,1,1
METR,1,1,1,1,1
METS,1,1,1,1,1
METSOX1abc,1,1,1,1,1
METSOX2abc,1,1,1,1,1
METSOXR1r,1,1,1,1,1
METSr,1,1,1,1,1
METabc,1,1,1,1,1
METt2pp,1,1,1,1,1
METt2r,1,1,1,1,1
METt3r,1,1,1,1,1
MEVK1c,1,1,1,1,1
MG2abc,1,1,1,1,1
MGSA,1,1,1,1,1
MGt5,1,1,1,1,1
MI1PP,1,1,1,1,1
MI3PP,1,1,1,1,1
MI4PP,1,1,1,1,1
MK7te,1,1,1,1,1
MK8t,1,1,1,1,1
MLTG1,1,1,1,1,1
MLTG2,1,1,1,1,1
MLTG3,1,1,1,1,1
MLTG4,1,1,1,1,1
MLTG5,1,1,1,1,1
MLTGY1,1,1,1,1,1
MLTGY3,1,1,1,1,1
MLTGY4,1,1,1,1,1
MLTHFTRU,1,1,1,1,1
MLTP1,1,1,1,1,1
MLTP2,1,1,1,1,1
MLTP3,1,1,1,1,1
MLTP4,1,1,1,1,1
MLTP5,1,1,1,1,1
MMCD,1,1,1,1,1
MME,1,1,1,1,1
MMETt2,1,1,1,1,1
MMM2r,1,1,1,1,1
MMSAD1,1,1,1,1,1
MMSAD2,1,1,1,1,1
MMSAD3,1,1,1,1,1
MMSAD5,1,1,1,1,1
MNLP,1,1,1,1,1
MNLpts,1,1,1,1,1
MNLt6i,1,1,1,1,1
MNNH,1,1,1,1,1
MNt2,1,1,1,1,1
MOAT,1,1,1,1,1
MOAT3C,1,1,1,1,1
MOBDabc,1,1,1,1,1
MOHMT,1,1,1,1,1
MOPSabc,1,1,1,1,1
MSAS,1,1,1,1,1
MSO3abc,1,1,1,1,1
MTAN,1,1,1,1,1
MTAP,1,0,1,1,0
MTHFC,1,1,1,1,1
MTHFD,1,1,1,1,1
MTHFD2,1,1,1,1,1
MTHFRfdx,1,1,1,1,1
MTHPTGHM,1,1,1,1,1
MTI,1,1,1,1,1
MTRI,1,1,1,1,1
MTRK,1,1,1,1,1
MUCCYCI,1,1,1,1,1
MUDPDGT,1,1,1,1,1
MUDPMGT,1,1,1,1,1
NACDe,1,1,1,1,1
NACODA,1,1,1,1,1
NACSMCTte,1,1,1,1,1
NACUP,1,0,1,1,0
NACabc,1,1,1,1,1
NACt,1,1,1,1,1
NACt2r,1,1,1,1,1
NADDP,1,1,1,1,1
NADH10,1,1,1,1,1
NADH18,1,1,1,1,1
NADH5,1,1,1,1,1
NADH6,1,1,1,1,1
NADH7,1,1,1,1,1
NADH8,1,1,1,1,1
NADH9,1,1,1,1,1
NADHUBQOX,1,1,1,1,1
NADK,1,1,1,1,1
NADK2,1,1,1,1,1
NADK3,1,1,1,1,1
NADK4,1,1,1,1,1
NADK5,1,1,1,1,1
NADK6,1,1,1,1,1
NADN,1,1,1,1,1
NADPti,1,1,1,1,1
NADS1,1,1,1,1,1
NADS2,1,1,1,1,1
NAMNPP,1,1,1,1,1
NAPRT,1,1,1,1,1
NAt3,1,1,1,1,1
NAt3_1,1,1,1,1,1
NCAMabc,1,1,1,1,1
NCAMt,1,1,1,1,1
NCAMt2r,1,1,1,1,1
NCOAH,0,1,0,1,0
NCPTRCA,1,1,1,1,1
NDP7ex,0,1,0,1,0
NDP7i,1,1,1,1,1
NDPK1,1,1,1,1,1
NDPK10,1,1,1,1,1
NDPK2,1,1,1,1,1
NDPK3,1,1,1,1,1
NDPK4,1,1,1,1,1
NDPK5,1,1,1,1,1
NDPK6,1,1,1,1,1
NDPK7,1,1,1,1,1
NDPK8,1,1,1,1,1
NDPK9,1,1,1,1,1
NFORGLUAH,1,1,1,1,1
NFORTYRt,1,1,1,1,1
NFTYROX,1,1,1,1,1
NH4t4,0,1,0,1,0
NH4tb,1,1,1,1,1
NHFRBOr,1,1,1,1,1
NICRNS,1,1,1,1,1
NIT_n1p4,1,1,1,1,1
NIabc,1,1,1,1,1
NKCC2t,1,1,1,1,1
NKCCt,1,1,1,1,1
NMNAT,1,1,1,1,1
NMNP,1,1,1,1,1
NMNS,1,1,1,1,1
NNAM,1,1,1,1,1
NNATr,1,1,1,1,1
NNDMBRT,1,1,1,1,1
NNDPR,1,1,1,1,1
NO2rPuq,1,1,1,1,1
NO2t2,1,1,1,1,1
NO2t2r,1,1,1,1,1
NO3R1,1,1,1,1,1
NO3R2,1,1,1,1,1
NO3abc,1,1,1,1,1
NO3rPuq,1,1,1,1,1
NO3t2,1,1,1,1,1
NOPHMO,1,1,1,1,1
NP1_r,1,1,1,1,1
NP2MSUCCS,1,1,1,1,1
NPHS,1,1,1,1,1
NPR,1,1,1,1,1
NT5C,1,1,1,1,1
NTD1,1,1,1,1,1
NTD10,1,1,1,1,1
NTD11,1,1,1,1,1
NTD12,1,1,1,1,1
NTD2,1,1,1,1,1
NTD3,1,1,1,1,1
NTD4,1,1,1,1,1
NTD5,1,1,1,1,1
NTD5_a,1,1,1,1,1
NTD6,1,1,1,1,1
NTD7,1,1,1,1,1
NTD8,1,1,1,1,1
NTD9,1,1,1,1,1
NTP3,1,1,1,1,1
NTP9i,1,1,1,1,1
NTPP1,1,1,1,1,1
NTPP10,1,1,1,1,1
NTPP11,1,1,1,1,1
NTPP4,1,1,1,1,1
NTPP6,1,1,1,1,1
NTPP7,1,1,1,1,1
NTPP8,1,1,1,1,1
NTPP9,1,1,1,1,1
NTPTP1,1,1,1,1,1
NTRIR2x,1,1,1,1,1
NTRIR2y,1,1,1,1,1
NTRIR4,1,1,1,1,1
NTRK,1,1,1,1,1
N_CBL_ASPAH,1,1,1,1,1
O16G2e,1,1,1,1,1
O2t5i,1,1,1,1,1
OAACL,1,1,1,1,1
OAADC,1,1,1,1,1
OAASr,1,1,1,1,1
OBDHc,0,1,0,1,0
OBTFL,1,1,1,1,1
OCBT,1,1,1,1,1
OCDCAt2,1,1,1,1,1
OCDCAtr,1,1,1,1,1
OCDCEAtr,1,1,1,1,1
OCOAT1,0,1,0,1,0
OCOAT1r,1,1,1,1,1
OCTDPS,1,1,1,1,1
ODECOAI,1,1,1,1,1
OHPBAT,1,1,1,1,1
OHPHM,1,1,1,1,1
OIVD1r,1,1,1,1,1
OIVD2,1,1,1,1,1
OIVD3,1,1,1,1,1
OMBZLM,1,1,1,1,1
OMCDC,1,1,1,1,1
OMMBLHX3,1,1,1,1,1
OMPDC,1,1,1,1,1
OMPHHX3,1,1,1,1,1
OOR2,1,1,1,1,1
OOR2r,1,1,1,1,1
OPHBDC,1,1,1,1,1
OPHHX,1,1,1,1,1
OPHHX3,1,1,1,1,1
ORNCD,1,1,1,1,1
ORNDC,1,1,1,1,1
ORNTAC,1,1,1,1,1
ORNTAr,1,1,1,1,1
ORNabc,1,1,1,1,1
ORNt2r,1,1,1,1,1
OROTPT,1,1,1,1,1
OROte,1,1,1,1,1
O_PP_L_SERH2SO3,1,1,1,1,1
P1CM,1,1,1,1,1
P5CD,1,1,1,1,1
P5CR,1,1,1,1,1
P5CRyr,1,1,1,1,1
PAAI17P,1,1,1,1,1
PACTH,1,1,1,1,1
PAI17P,1,1,1,1,1
PANTS,1,1,1,1,1
PAPA180,1,1,1,1,1
PAPPT2,1,1,1,1,1
PAPPT3,1,1,1,1,1
PAPt,0,1,0,1,0
PBUTT,1,1,1,1,1
PBt,1,1,1,1,1
PC,1,1,1,1,1
PC11M,1,1,1,1,1
PC17M,1,1,1,1,1
PC20M,1,1,1,1,1
PC6AR,1,1,1,1,1
PC6YM,1,1,1,1,1
PC8XM,1,1,1,1,1
PDH,1,1,1,1,1
PDHa,1,1,1,1,1
PDHbr,1,1,1,1,1
PDHc,1,1,1,1,1
PDX5PO,1,1,1,1,1
PDX5PO2,1,1,1,1,1
PECTIN_DEGe,1,1,1,1,1
PEPCK,1,1,1,1,1
PEPCK_re,1,1,1,1,1
PEPGLY,1,1,1,1,1
PFK,1,1,1,1,1
PFK(ppi),1,1,1,1,1
PFK4,1,1,1,1,1
PFK_2,1,1,1,1,1
PFK_3,1,1,1,1,1
PFL,1,1,1,1,1
PGAMT,1,1,1,1,1
PGCDr,1,1,1,1,1
PGI,1,1,1,1,1
PGK,1,1,1,1,1
PGL,1,1,1,1,1
PGLYCP,1,1,1,1,1
PGLc,1,1,1,1,1
PGM,1,1,1,1,1
PGMT,1,1,1,1,1
PGMT2,1,1,1,1,1
PGPGT,1,1,1,1,1
PGPP120,1,1,1,1,1
PGPP140,1,1,1,1,1
PGPP141,1,1,1,1,1
PGPP160,1,1,1,1,1
PGPP161,1,1,1,1,1
PGPP180,1,1,1,1,1
PGPP181,1,1,1,1,1
PGPPAI15,1,1,1,1,1
PGPPAI17,1,1,1,1,1
PGPPI14,1,1,1,1,1
PGPPI15,1,1,1,1,1
PGPPI16,1,1,1,1,1
PGPPI17,1,1,1,1,1
PGSA120,1,1,1,1,1
PGSA140,1,1,1,1,1
PGSA141,1,1,1,1,1
PGSA160,1,1,1,1,1
PGSA161,1,1,1,1,1
PGSA180,1,1,1,1,1
PGSA181,1,1,1,1,1
PGSAAI15,1,1,1,1,1
PGSAAI17,1,1,1,1,1
PGSAI14,1,1,1,1,1
PGSAI15,1,1,1,1,1
PGSAI16,1,1,1,1,1
PGSAI17,1,1,1,1,1
PHEATB0tc,1,1,1,1,1
PHEMEt,1,1,1,1,1
PHETA1,1,1,1,1,1
PHEt2pp,1,1,1,1,1
PHEt2r,1,1,1,1,1
PHEtec,1,1,1,1,1
PHPB2,1,1,1,1,1
PHPB2i,1,1,1,1,1
PHTHRDH,1,1,1,1,1
PHYQS,1,1,1,1,1
PIMEtr,1,1,1,1,1
PIabc,1,1,1,1,1
PIt6bi,1,1,1,1,1
PIt7,1,1,1,1,1
PIt7ir,1,1,1,1,1
PIt7irpp,1,1,1,1,1
PKL,1,1,1,1,1
PLIPA1A180,1,1,1,1,1
PLIPA1G180,1,1,1,1,1
PLIPA2A180,1,1,1,1,1
PLIPA2G180,1,1,1,1,1
PLPS,1,1,1,1,1
PMANM,1,1,1,1,1
PMDPHT,0,1,0,1,0
PMEVKc,1,1,1,1,1
PMPK,1,1,1,1,1
PMTCOATA,1,1,1,1,1
PNP,1,1,1,1,1
PNPPHISPT,1,1,1,1,1
PNTAH,1,1,1,1,1
PNTK,1,1,1,1,1
PNTOabc,1,1,1,1,1
PNTOt2,1,1,1,1,1
PNTOt2i,1,1,1,1,1
PNTOt4,1,1,1,1,1
PNTOte,1,1,1,1,1
POR4,1,1,1,1,1
POX,1,1,1,1,1
POX2,1,1,1,1,1
PPA,1,1,1,1,1
PPA2,1,1,1,1,1
PPAKr,1,1,1,1,1
PPAt2r,1,1,1,1,1
PPBNGS,1,1,1,1,1
PPC,1,1,1,1,1
PPCDC,1,1,1,1,1
PPCK,1,1,1,1,1
PPCKr,1,1,1,1,1
PPCOAC,1,1,1,1,1
PPCr,1,0,1,1,0
PPDK,1,1,1,1,1
PPGPPDP,1,1,1,1,1
PPHNPPT,1,1,1,1,1
PPIACPT,1,1,1,1,1
PPIOAACL,1,1,1,1,1
PPIt2e,1,1,1,1,1
PPIte,1,1,1,1,1
PPItepp,1,1,1,1,1
PPK2,1,1,1,1,1
PPKr,1,1,1,1,1
PPM,1,1,1,1,1
PPNCL,1,1,1,1,1
PPNCL3,1,1,1,1,1
PPND,1,1,1,1,1
PPND2,1,1,1,1,1
PPNDH,1,1,1,1,1
PPPIt2,1,1,1,1,1
PPPNt2r,1,1,1,1,1
PPS,1,1,1,1,1
PPTT,1,1,1,1,1
PPTabc,1,1,1,1,1
PPt2,1,1,1,1,1
PRAGS,1,1,1,1,1
PRAI,1,1,1,1,1
PRAIS,1,1,1,1,1
PRAMPC,1,1,1,1,1
PRASCSi,1,1,1,1,1
PRATPP,1,1,1,1,1
PREN,1,1,1,1,1
PRFGS,1,1,1,1,1
PRMICI,1,1,1,1,1
PRO1x,1,1,1,1,1
PRODTHLOX,1,1,1,1,1
PROLR,1,1,1,1,1
PROPAT4te,1,1,1,1,1
PROTRS,1,1,1,1,1
PROabc,1,1,1,1,1
PROt2,1,1,1,1,1
PROt2r,1,1,1,1,1
PROt4,1,1,1,1,1
PRPPS,1,1,1,1,1
PSCVT,1,1,1,1,1
PSD120,1,1,1,1,1
PSD140,1,1,1,1,1
PSD141,1,1,1,1,1
PSD160,1,1,1,1,1
PSD161,1,1,1,1,1
PSD180,1,1,1,1,1
PSD181,1,1,1,1,1
PSDAI15,1,1,1,1,1
PSDAI17,1,1,1,1,1
PSDI14,1,1,1,1,1
PSDI15,1,1,1,1,1
PSDI16,1,1,1,1,1
PSDI17,1,1,1,1,1
PSERT,1,1,1,1,1
PSP_L,1,1,1,1,1
PSSA120,1,1,1,1,1
PSSA140,1,1,1,1,1
PSSA141,1,1,1,1,1
PSSA160,1,1,1,1,1
PSSA161,1,1,1,1,1
PSSA180,1,1,1,1,1
PSSA181,1,1,1,1,1
PSSAAI15,1,1,1,1,1
PSSAAI17,1,1,1,1,1
PSSAI14,1,1,1,1,1
PSSAI15,1,1,1,1,1
PSSAI16,1,1,1,1,1
PSSAI17,1,1,1,1,1
PTA2,1,1,1,1,1
PTAr,1,1,1,1,1
PTPAT,1,1,1,1,1
PTRCabc,1,1,1,1,1
PTRCt2,1,1,1,1,1
PUDPDGT,1,1,1,1,1
PUDPMGT,1,1,1,1,1
PUNP1,1,1,1,1,1
PUNP2,1,1,1,1,1
PUNP3,1,1,1,1,1
PUNP4,1,1,1,1,1
PUNP5,1,1,1,1,1
PUNP6,1,1,1,1,1
PUNP7,1,1,1,1,1
PYAM5POr,1,1,1,1,1
PYDAMK,1,1,1,1,1
PYDAMabc,1,1,1,1,1
PYDXK,1,1,1,1,1
PYDXNK,1,1,1,1,1
PYDXNabc,1,1,1,1,1
PYDXPP,1,1,1,1,1
PYDXabc,1,1,1,1,1
PYDXtr,1,1,1,1,1
PYK,1,1,1,1,1
PYNP1,1,1,1,1,1
PYNP1r,1,1,1,1,1
PYNP2r,1,1,1,1,1
PYROX,1,1,1,1,1
PYRt2r,1,1,1,1,1
Q8abc,1,1,1,1,1
QUI3OR,1,1,1,1,1
QUI5OR,1,1,1,1,1
QULNS,1,1,1,1,1
R05224,1,1,1,1,1
R5PNH4L,1,1,1,1,1
RAFGH,1,1,1,1,1
RAFH,1,1,1,1,1
RB5PE,1,1,1,1,1
RBFK,1,1,1,1,1
RBFSa,1,1,1,1,1
RBFSb,1,1,1,1,1
RBK,1,1,1,1,1
RBK_D,1,1,1,1,1
RBK_L1,1,1,1,1,1
RBLIi,1,1,1,1,1
RBP4E,1,1,1,1,1
RE0344C,1,1,1,1,1
RE0453C,1,1,1,1,1
RE0583C,1,1,1,1,1
RE0926C,1,1,1,1,1
RE1530C,1,1,1,1,1
RE1944C,1,1,1,1,1
RE2112C,1,1,1,1,1
RE2636C,1,1,1,1,1
RE2954C,1,1,1,1,1
RE3009C,1,1,1,1,1
RE3245C,1,1,1,1,1
RE3351C,1,1,1,1,1
RE3352C,1,1,1,1,1
RHAT1,1,1,1,1,1
RHC,1,1,1,1,1
RHCCE,1,1,1,1,1
RIBABCte,1,1,1,1,1
RIBFLVt2r,1,1,1,1,1
RIBabc,1,1,1,1,1
RIBt,1,1,1,1,1
RMI,1,1,1,1,1
RMK,1,1,1,1,1
RMK2,1,1,1,1,1
RMNt2,1,1,1,1,1
RMPA,1,1,1,1,1
RMPA2,1,1,1,1,1
RNDR1,1,1,1,1,1
RNDR2,1,1,1,1,1
RNDR3,1,1,1,1,1
RNDR4,1,1,1,1,1
RNDR4r,1,1,1,1,1
RNTR1,1,1,1,1,1
RNTR2,1,1,1,1,1
RNTR3,1,1,1,1,1
RNTR4,1,1,1,1,1
RPE,1,1,1,1,1
RPEc,1,1,1,1,1
RPI,1,1,1,1,1
RZ5PP,1,1,1,1,1
S17BPH,1,1,1,1,1
S7P1K,1,1,1,1,1
S7PIr,1,1,1,1,1
SADT,1,1,1,1,1
SADT2,1,1,1,1,1
SALCS2,1,1,1,1,1
SALCpts,1,1,1,1,1
SARCOX,1,1,1,1,1
SARCSMT,1,1,1,1,1
SBTDOX,1,1,1,1,1
SBTD_D2,1,1,1,1,1
SBTPD,1,1,1,1,1
SBTpts,1,1,1,1,1
SDPDS,1,1,1,1,1
SDPTA,1,1,1,1,1
SELMETAT,1,1,1,1,1
SELNPS,1,1,1,1,1
SEPHCHS,1,1,1,1,1
SERATi,1,1,1,1,1
SERD_D,1,1,1,1,1
SERt2r,1,1,1,1,1
SGAT,1,1,1,1,1
SHCHCC2,1,1,1,1,1
SHCHCS,1,1,1,1,1
SHCHCS3,1,1,1,1,1
SHCHD2,1,1,1,1,1
SHCHF,1,1,1,1,1
SHEMEabc,1,1,1,1,1
SHK3Dr,1,1,1,1,1
SHK3OR,1,1,1,1,1
SHKK,1,1,1,1,1
SHSL1r,1,1,1,1,1
SHSL2,1,1,1,1,1
SHSL4,1,1,1,1,1
SIAASE_OGLYCAN1e,1,1,1,1,1
SIAASE_OGLYCAN2e,1,1,1,1,1
SIAASE_OGLYCAN3e,1,1,1,1,1
SNCOAT,1,1,1,1,1
SO4t2,1,1,1,1,1
SO4t4_2,1,1,1,1,1
SPMDAT1,1,1,1,1,1
SPMDAT2,1,1,1,1,1
SPMDabc,1,1,1,1,1
SPMDt2,1,1,1,1,1
SPMDt3,1,1,1,1,1
SPMS,1,1,1,1,1
SPMTDe,1,1,1,1,1
SPODM,1,1,1,1,1
SPTc,1,1,1,1,1
SQLE,1,1,1,1,1
SQLErev,1,1,1,1,1
SRBL1PR,1,1,1,1,1
SSALxr,1,1,1,1,1
SSALy,1,1,1,1,1
SSALyr,1,0,1,0,0
SSQEPXS,1,1,1,1,1
STCOATA,1,1,1,1,1
STS2,1,1,1,1,1
STYSGH,1,1,1,1,1
STYSabc,1,1,1,1,1
STYSt2,1,1,1,1,1
SUCBZL,1,1,1,1,1
SUCBZS,1,1,1,1,1
SUCCt,1,1,1,1,1
SUCCt2r,1,1,1,1,1
SUCD1,1,1,1,1,1
SUCD4,1,1,1,1,1
SUCDi,1,1,1,1,1
SUCOAS,1,1,1,1,1
SUCOAS1,1,1,1,1,1
SUCOAS1c,1,1,1,1,1
SUCR,1,1,1,1,1
SUCRe,1,1,1,1,1
SUCRt2,1,1,1,1,1
SUCpts,1,1,1,1,1
SUDPDGT,1,1,1,1,1
SUDPMGT,1,1,1,1,1
SULFACabc,1,1,1,1,1
SULFR,1,1,1,1,1
SULR,1,1,1,1,1
SULabc,1,1,1,1,1
TAGURr,1,1,1,1,1
TALA,1,1,1,1,1
TARTD,1,1,1,1,1
TAURabc,1,1,1,1,1
TDCOATA,1,1,1,1,1
TDG3PACT,1,1,1,1,1
TDPAGTA,1,1,1,1,1
TDPDRE,1,1,1,1,1
TDPDRR2,1,1,1,1,1
TDPDRRr,1,1,1,1,1
TDPGDH,1,1,1,1,1
TDSK,1,1,1,1,1
TECA1S140,1,1,1,1,1
TECA1S160,1,1,1,1,1
TECA1S180,1,1,1,1,1
TECA1SAI15,1,1,1,1,1
TECA1SAI17,1,1,1,1,1
TECA1SI14,1,1,1,1,1
TECA1SI15,1,1,1,1,1
TECA1SI16,1,1,1,1,1
TECA1SI17,1,1,1,1,1
TECA2S140,1,1,1,1,1
TECA2S160,1,1,1,1,1
TECA2S180,1,1,1,1,1
TECA2SAI15,1,1,1,1,1
TECA2SAI17,1,1,1,1,1
TECA2SI14,1,1,1,1,1
TECA2SI15,1,1,1,1,1
TECA2SI16,1,1,1,1,1
TECA2SI17,1,1,1,1,1
TECA3S140,1,1,1,1,1
TECA3S160,1,1,1,1,1
TECA3S180,1,1,1,1,1
TECA3SAI15,1,1,1,1,1
TECA3SAI17,1,1,1,1,1
TECA3SI14,1,1,1,1,1
TECA3SI15,1,1,1,1,1
TECA3SI16,1,1,1,1,1
TECA3SI17,1,1,1,1,1
TECA4S,1,1,1,1,1
TECA5S140,1,1,1,1,1
TECA5S160,1,1,1,1,1
TECA5S180,1,1,1,1,1
TECA5SAI15,1,1,1,1,1
TECA5SAI17,1,1,1,1,1
TECA5SI14,1,1,1,1,1
TECA5SI15,1,1,1,1,1
TECA5SI16,1,1,1,1,1
TECA5SI17,1,1,1,1,1
TECAAE,1,1,1,1,1
TECAGE,1,1,1,1,1
TECAUE,1,1,1,1,1
TEICH45,1,1,1,1,1
TGBPA,1,1,1,1,1
THD1,1,1,1,1,1
THD2,1,1,1,1,1
THDPOR,1,1,1,1,1
THFHL,1,1,1,1,1
THIORDXi,1,1,1,1,1
THMDt2,1,1,1,1,1
THMDt2r,1,1,1,1,1
THMDt4,1,1,1,1,1
THMMPt2,0,1,0,1,0
THMNasym,1,1,1,1,1
THMPPC,1,1,1,1,1
THMabc,1,1,1,1,1
THMt2,1,1,1,1,1
THMt3,1,1,1,1,1
THRA2i,1,1,1,1,1
THRAi,1,1,1,1,1
THRAr,1,1,1,1,1
THRD,1,1,1,1,1
THRD2,1,1,1,1,1
THRD_L,1,1,1,1,1
THRPD,1,1,1,1,1
THRS,1,1,1,1,1
THRt2r,1,1,1,1,1
THSFST,1,1,1,1,1
THZPSN,1,1,1,1,1
TKT1,1,1,1,1,1
TKT2,1,1,1,1,1
TMAOR1,1,1,1,1,1
TMAOR2,1,1,1,1,1
TMDK1,1,1,1,1,1
TMDK2,1,1,1,1,1
TMDPK,1,1,1,1,1
TMDPP,1,1,1,1,1
TMDS,1,1,1,1,1
TMDSf2,1,1,1,1,1
TMK,1,1,1,1,1
TMN,1,1,1,1,1
TMPK,1,1,1,1,1
TMPPP,1,1,1,1,1
TPI,1,1,1,1,1
TRDOXOX,1,1,1,1,1
TRDR,1,1,1,1,1
TRDRr,1,1,1,1,1
TRE6PH,1,1,1,1,1
TRE6PP,1,1,1,1,1
TRE6PPGT,1,1,1,1,1
TRE6PS,1,1,1,1,1
TREGLUDR2,1,1,1,1,1
TREH,1,1,1,1,1
TREabc,1,1,1,1,1
TREpts,1,1,1,1,1
TRIOK,1,1,1,1,1
TRPAS2i,1,1,1,1,1
TRPS1,1,1,1,1,1
TRPS2,1,1,1,1,1
TRPS3,1,1,1,1,1
TRPS3r,1,1,1,1,1
TRPt2r,1,1,1,1,1
TRSAR,1,1,1,1,1
TRSARry,1,1,1,1,1
TSULabc,1,1,1,1,1
TTDCAt2,1,1,1,1,1
TTDCAtr,1,1,1,1,1
TYRAL,1,1,1,1,1
TYRNFT,1,1,1,1,1
TYRTA,1,1,1,1,1
TYRt2r,1,1,1,1,1
U23GAAT,1,1,1,1,1
UAAGDS,1,1,1,1,1
UAAGLAA,1,1,1,1,1
UACGAMP,1,1,1,1,1
UACMAMAT,1,1,1,1,1
UACMAMH,1,1,1,1,1
UACMAMO,1,1,1,1,1
UAG2E,1,1,1,1,1
UAG2EMA,1,1,1,1,1
UAG4E,1,1,1,1,1
UAGAAT,1,1,1,1,1
UAGCVT_r,1,1,1,1,1
UAGDP,1,1,1,1,1
UAGPT2,1,1,1,1,1
UAGPT3,1,1,1,1,1
UAMAGS,1,1,1,1,1
UAMAS,1,1,1,1,1
UAPGR,1,1,1,1,1
UDCPDP,1,1,1,1,1
UDCPDPS,1,1,1,1,1
UDCPDPabc,1,1,1,1,1
UDPACGLP,1,1,1,1,1
UDPDPS,1,1,1,1,1
UDPG4E,1,1,1,1,1
UDPGALGLCGT,1,1,1,1,1
UDPGALM,1,1,1,1,1
UDPGDr,1,1,1,1,1
UDPGFRUGT,1,1,1,1,1
UDPGGT,1,1,1,1,1
UDPGLCURtr,0,1,0,1,0
UDPGP,1,1,1,1,1
UGLT,1,1,1,1,1
UGMDDS,1,1,1,1,1
UHGADA,1,1,1,1,1
UM4PCP,1,1,1,1,1
UM4PL,1,1,1,1,1
UMPK,1,1,1,1,1
UMPK2,1,1,1,1,1
UMPK3,1,1,1,1,1
UMPK4,1,1,1,1,1
UMPK5,1,1,1,1,1
UMPK6,1,1,1,1,1
UMPK7,1,1,1,1,1
UMPt2,0,1,0,1,0
UMPt2i,1,1,1,1,1
UP4GH,1,1,1,1,1
UPP3MT,1,1,1,1,1
UPP3MT3,1,1,1,1,1
UPP3S,1,1,1,1,1
UPPDC1,1,1,1,1,1
UPPDC2b,1,1,1,1,1
UPPN,1,1,1,1,1
UPPRT,1,1,1,1,1
URAOX,1,1,1,1,1
URAt,1,1,1,1,1
URAt2,1,1,1,1,1
URAt2r,1,0,1,1,0
URCN,1,1,1,1,1
URDGLYCD,0,1,0,1,0
URDGLYCR,0,1,0,1,0
UREA,1,1,1,1,1
UREAt,1,1,1,1,1
URFGTT,1,1,1,1,1
URIDK2,1,1,1,1,1
URIDK3,1,1,1,1,1
URIK1,1,1,1,1,1
URIK10,1,1,1,1,1
URIK11,1,1,1,1,1
URIK12,1,1,1,1,1
URIK13,1,1,1,1,1
URIK14,1,1,1,1,1
URIK2,1,1,1,1,1
URIK3,1,1,1,1,1
URIK4,1,1,1,1,1
URIK5,1,1,1,1,1
URIK6,1,1,1,1,1
URIK7,1,1,1,1,1
URIK8,1,1,1,1,1
URIK9,1,1,1,1,1
URIt2,1,1,1,1,1
URIt2r,1,1,1,1,1
URIt4,1,1,1,1,1
US7P1PT,1,1,1,1,1
USHD,1,1,1,1,1
UTPATPT,1,1,1,1,1
VALO,1,0,1,1,0
VALTA,1,1,1,1,1
VALabc,1,1,1,1,1
VALt2r,1,1,1,1,1
VPAMTr,1,1,1,1,1
XANt2,1,1,1,1,1
XPPT,1,1,1,1,1
XPPTr,1,1,1,1,1
XTSNH,1,1,1,1,1
XU5PG3PL,1,1,1,1,1
XYLI1,1,1,1,1,1
XYLI2,1,1,1,1,1
XYLK,1,1,1,1,1
XYLTD_Dr,1,1,1,1,1
XYLabc,1,1,1,1,1
XYLt,1,1,1,1,1
YUMPS,1,1,1,1,1
ZN2t4,1,1,1,1,1
ZNabc,1,1,1,1,1
biomassPan_panBacteroides_pectinophilus,1,1,1,1,1
biomassPan_panBlautia_torques,1,1,1,1,1
biomassPan_panClostridium_innocuum,1,1,1,1,1
biomassPan_panClostridium_leptum,1,1,1,1,1
biomassPan_panClostridium_methylpentosum,1,1,1,1,1
biomassPan_panErysipelotrichaceae_bacterium,1,1,1,1,1
biomassPan_panEubacterium_brachy,1,0,1,1,0
biomassPan_panEubacterium_saphenum,1,0,1,0,0
biomassPan_panEubacterium_siraeum,1,1,1,1,1
biomassPan_panEubacterium_sulci,0,1,0,1,0
biomassPan_panRuminococcus_lactaris,1,1,1,1,1
biomassPan_panTyzzerella_nexilis,1,1,1,1,1
dTMPt2,1,1,1,1,1
dreplication,1,1,1,1,1
pbiosynthesis,1,1,1,1,1
r0010,1,1,1,1,1
r0051,0,1,0,1,0
r0060,1,1,1,1,1
r0082,1,1,1,1,1
r0093,0,1,0,1,0
r0119,1,1,1,1,1
r0120,1,1,1,1,1
r0122,1,1,1,1,1
r0127,1,1,1,1,1
r0139,0,1,0,1,0
r0149,0,1,0,1,0
r0153,1,1,1,1,1
r0163c,1,1,1,1,1
r0165,1,1,1,1,1
r0220,1,1,1,1,1
r0224,1,1,1,1,1
r0236,1,1,1,1,1
r0276,1,1,1,1,1
r0280,1,1,1,1,1
r0301,1,1,1,1,1
r0318i,1,1,1,1,1
r0339,1,1,1,1,1
r0345,1,1,1,1,1
r0377,1,1,1,1,1
r0389i,1,1,1,1,1
r0391,1,1,1,1,1
r0392,1,1,1,1,1
r0413,1,1,1,1,1
r0422,1,1,1,1,1
r0456,1,1,1,1,1
r0470,1,1,1,1,1
r0472,1,1,1,1,1
r0474,1,1,1,1,1
r0475,1,1,1,1,1
r0488,1,1,1,1,1
r0494,1,1,1,1,1
r0497,1,1,1,1,1
r0502,1,1,1,1,1
r0527,1,1,1,1,1
r0570,1,1,1,1,1
r0578,1,1,1,1,1
r0584,1,1,1,1,1
r0591,1,1,1,1,1
r0671,1,1,1,1,1
r0679,1,1,1,1,1
r0708,1,1,1,1,1
r0775,1,1,1,1,1
r0777,1,1,1,1,1
r0792,1,1,1,1,1
r0871,1,1,1,1,1
r0892,0,1,0,1,0
r0944,1,1,1,1,1
r0974,1,1,1,1,1
r1045,1,1,1,1,1
r1116,0,1,0,1,0
r1144,1,1,1,1,1
r1384,1,1,1,1,1
r1562,1,1,1,1,1
r1575,1,1,1,1,1
r1576,1,1,1,1,1
r1619,1,1,1,1,1
r1627,1,1,1,1,1
r1637,1,1,1,1,1
r1639,1,1,1,1,1
r1667,1,1,1,1,1
r1769,1,1,1,1,1
r1784,1,1,1,1,1
r2041,1,1,1,1,1
r2042,1,1,1,1,1
r2044,1,1,1,1,1
r2137,1,1,1,1,1
rtranscription,1,1,1,1,1
sink_PGPm1_c,1,1,1,1,1
sink_gthrd(c),1,1,1,1,1
sink_s,1,1,1,1,1
tDHNACOA,0,1,0,1,0
tSBZCOA,0,1,0,1,0
